00000000 a __end__
00000000 a __twl_loadlist_end
00000000 a __twl_loadlist_lma
00000000 a __twl_loadlist_start
01ff8000 t __itcm_start
01ff8038 00000018 T __excpt_vectors
01ff8050 00000088 t threadReschedule
01ff80d8 000000d8 T threadBlock
01ff81b0 000000c0 T threadUnblockOneByValue
01ff8270 00000130 T threadUnblockAllByValue
01ff83a0 00000134 T threadUnblockAllByMask
01ff84d4 0000004c T armCopyMem32
01ff8520 0000002c T armContextSave
01ff854c 00000020 T armContextLoad
01ff8550 T armContextLoadFromSvc
01ff856c 00000008 T armWaitForIrq
01ff8574 00000004 t __arm_excpt_rst
01ff8578 00000004 t __arm_excpt_pabt
01ff857c 0000000c t __arm_excpt_und
01ff8588 0000000c t __arm_excpt_dabt
01ff8594 00000030 t __excpt_entry
01ff85c4 0000000c T armDrainWriteBuffer
01ff85d0 00000028 T armDCacheFlushAll
01ff85f8 0000001c T armDCacheFlush
01ff8614 0000001c T armDCacheInvalidate
01ff8630 0000000c T armICacheInvalidateAll
01ff863c 000000e4 t __arm_excpt_irq
01ff8720 t __itcm_end
02000000 00000198 T __ds9_bootstub
02000198 00000060 t __ds9_bootstub_trampoline
020001f8 00000074 T crt0ProcessLoadList
0200026c 00000180 T crt0Startup
020003ec 0000004c T crt0CopyMem32
02000438 00000058 T crt0FillMem32
02000490 000000b4 T crt0SetupMPU
02000544 a __loadlist_start
02000568 a __loadlist_end
02000568 T _init
02000574 00000020 W __gnu_cxx::__throw_concurrence_lock_error()
02000594 00000020 W __gnu_cxx::__throw_concurrence_unlock_error()
020005b4 00000044 t std::basic_string<wchar_t, std::char_traits<wchar_t>, std::allocator<wchar_t> >::~basic_string() [clone .isra.0]
020005f8 00000044 t std::basic_string<char, std::char_traits<char>, std::allocator<char> >::~basic_string() [clone .isra.0]
0200063c 00000020 T std::__throw_bad_cast()
0200065c 00000030 T std::__throw_logic_error(char const*)
0200068c 00000030 T std::__throw_length_error(char const*)
020006bc 00000030 T std::__throw_out_of_range(char const*)
020006ec 0000000a T std::__throw_out_of_range_fmt(char const*, ...)
020006f8 00000030 T std::__throw_runtime_error(char const*)
02000728 000000b4 W std::__cxx11::basic_string<char, std::char_traits<char>, std::allocator<char> >::_M_replace_cold(char*, unsigned int, char const*, unsigned int, unsigned int)
020007dc 0000006a T std::__throw_system_error(int)
02000848 00000044 t std::basic_string<wchar_t, std::char_traits<wchar_t>, std::allocator<wchar_t> >::~basic_string() [clone .isra.0]
0200088c 00000044 t std::basic_string<char, std::char_traits<char>, std::allocator<char> >::~basic_string() [clone .isra.0]
020008d0 000000e2 W std::__cxx11::basic_string<wchar_t, std::char_traits<wchar_t>, std::allocator<wchar_t> >::_M_replace_cold(wchar_t*, unsigned int, wchar_t const*, unsigned int, unsigned int)
020009b4 00000020 T __cxa_throw_bad_array_new_length
020009d4 00000038 t __cxxabiv1::__is_gxx_exception_class(char*)
02000a0c 00000020 T __cxa_call_terminate
02000a2c 000000fa T __cxa_call_unexpected
02000b28 0000000a T std::terminate()
02000b32 0000000a T std::unexpected()
02000b3c 00000020 W __gnu_cxx::__throw_concurrence_broadcast_error()
02000b5c 00000064 T std::__throw_ios_failure(char const*)
02000bc0 00000078 T std::__throw_ios_failure(char const*, int)
02000c38 00000006 T _Unwind_GetDataRelBase
02000c3e 00000006 T _Unwind_GetTextRelBase
02000c44 00000038 t _GLOBAL__sub_D__Z8WaitForAPKc
02000c7c 00000014 t _GLOBAL__sub_D.00090__ZSt3cin
02000c90 00000028 t _GLOBAL__sub_D__ZN17__eh_globals_init7_S_initE
02000cb8 00000022 T exit
02000cdc 00000094 t std::basic_fstream<char, std::char_traits<char> >::basic_fstream() [clone .isra.0]
02000d70 0000028c T main
02000ffc 000000a8 t _GLOBAL__sub_I__Z8WaitForAPKc
020010a4 00000014 t _GLOBAL__sub_I.00090__ZSt3cin
020010b8 00000064 t _GLOBAL__sub_I__ZNSt12ctype_bynameIwEC2ERKNSt7__cxx1112basic_stringIcSt11char_traitsIcESaIcEEEj
0200111c 00000094 t _GLOBAL__sub_I__ZNSt12ctype_bynameIcEC2ERKSsj
020011b0 00000094 t _GLOBAL__sub_I__ZNSt12ctype_bynameIwEC2ERKSsj
02001244 0000011c t _GLOBAL__sub_I__ZN9__gnu_cxx9__freeresEv
02001360 00000030 t _GLOBAL__sub_I__ZN17__eh_globals_init7_S_initE
02001390 00000010 t _GLOBAL__sub_I__ZN10__cxxabiv111__terminateEPFvvE
020013a0 00000010 t _GLOBAL__sub_I__ZSt7nothrow
020013b0 00000064 t _GLOBAL__sub_I__ZNSt12ctype_bynameIcEC2ERKNSt7__cxx1112basic_stringIcSt11char_traitsIcESaIcEEEj
02001414 t __do_global_dtors_aux
02001440 t frame_dummy
02001464 00000018 T CPUStopped()
0200147c 000001e4 t ndsMenuDraw()
02001660 00000130 t ndsMenuScanDir()
02001790 000003a8 t SaveModifiedFlash() [clone .part.0]
02001b38 000001fc T SaveNVRAM()
02001d34 00000208 T LoadNVRAM()
02001f3c 000001d0 T LoadModifiedFlash()
0200210c 00000064 T VDMA_Read(unsigned short)
02002170 000000a8 T VDMA_Write(unsigned short, unsigned char)
02002218 00000058 T UpdateFlashShiftRegister(unsigned char)
02002270 00000238 T MemoryWrite(unsigned short, unsigned char)
020024a8 00000044 T MemoryRead_Flash2M(unsigned short)
020024ec 00000128 T MemoryReadResolve(unsigned short, bool)
02002614 0000000a T MemoryRead(unsigned short)
02002620 0000000a T MemorySync(unsigned short)
0200262c 000000b4 T randomize_vram()
020026e0 000000cc T randomize_memory()
020027ac 00000320 T LoadRomFile
02002acc 00000380 t ndsMenuHandleInput()
02002e4c 0000007c T refreshScreen()
02002ec8 00000288 T mainloop(double, void*)
02003150 0000001a T put_pixel32(SDL_Surface*, int, int, unsigned long)
0200316c 00000368 T Blitter::CatchUp(unsigned long long)
020034d4 0000005c T Blitter::SetParam(unsigned char, unsigned char)
02003530 00000010 T ACP_MemoryRead(unsigned short)
02003540 00000024 T ACP_CPUSync(unsigned short)
02003564 00000024 T ACP_MemoryWrite(unsigned short, unsigned char)
02003588 00000002 T ACP_CPUStopped()
0200358c 00000008 T AudioCoprocessor::ram_write(unsigned short, unsigned char)
02003594 00000008 T AudioCoprocessor::ram_read(unsigned short)
0200359c 0000008c T AudioCoprocessor::register_write(unsigned short, unsigned char)
02003628 00000120 T AudioCoprocessor::fill_audio(void*, unsigned char*, int)
02003748 000000ec T AudioCoprocessor::AudioCoprocessor()
02003748 000000ec T AudioCoprocessor::AudioCoprocessor()
02003834 0000001e T JoystickAdapter::JoystickAdapter()
02003834 0000001e T JoystickAdapter::JoystickAdapter()
02003854 0000004c T JoystickAdapter::read(unsigned char, bool)
020038a0 00000088 T JoystickAdapter::updateNDS(bool)
02003928 00000014 T JoystickAdapter::Reset()
0200393c 00000038 T Palette::ConvertColor(SDL_Surface*, unsigned char)
02003974 00000080 T EmulatorConfig::parseArg(char const*)
020039f4 00000004 T mos6502::Addr_ACC()
020039f8 00000010 T mos6502::Addr_IMM()
02003a08 00000030 T mos6502::Addr_ABS()
02003a38 00000020 T mos6502::Addr_ZER()
02003a58 00000034 T mos6502::Addr_REL()
02003a8c 00000048 T mos6502::Addr_ABI()
02003ad4 00000054 T mos6502::Addr_AIX()
02003b28 00000028 T mos6502::Addr_ZEX()
02003b50 00000028 T mos6502::Addr_ZEY()
02003b78 00000050 T mos6502::Addr_ABX()
02003bc8 00000050 T mos6502::Addr_ABY()
02003c18 00000044 T mos6502::Addr_INX()
02003c5c 00000054 T mos6502::Addr_INY()
02003cb0 00000034 T mos6502::Addr_ZPI()
02003ce4 0000000c T mos6502::Op_ILLEGAL(unsigned short)
02003cf0 000000fc T mos6502::Op_ADC(unsigned short)
02003dec 00000048 T mos6502::Op_AND(unsigned short)
02003e34 00000058 T mos6502::Op_ASL(unsigned short)
02003e8c 00000048 T mos6502::Op_ASL_ACC(unsigned short)
02003ed4 00000040 T mos6502::Op_BIT(unsigned short)
02003f14 0000000c T mos6502::Op_WAI(unsigned short)
02003f20 00000018 T mos6502::Op_STP(unsigned short)
02003f38 00000010 T mos6502::Op_CLC(unsigned short)
02003f48 00000010 T mos6502::Op_CLD(unsigned short)
02003f58 00000010 T mos6502::Op_CLI(unsigned short)
02003f68 00000010 T mos6502::Op_CLV(unsigned short)
02003f78 00000054 T mos6502::Op_CMP(unsigned short)
02003fcc 00000054 T mos6502::Op_CPX(unsigned short)
02004020 00000054 T mos6502::Op_CPY(unsigned short)
02004074 0000004c T mos6502::Op_DEC(unsigned short)
020040c0 0000003c T mos6502::Op_DEC_ACC(unsigned short)
020040fc 0000003c T mos6502::Op_DEX(unsigned short)
02004138 0000003c T mos6502::Op_DEY(unsigned short)
02004174 00000054 T mos6502::Op_EOR(unsigned short)
020041c8 00000050 T mos6502::Op_INC(unsigned short)
02004218 00000044 T mos6502::Op_INC_ACC(unsigned short)
0200425c 00000044 T mos6502::Op_INX(unsigned short)
020042a0 00000044 T mos6502::Op_INY(unsigned short)
020042e4 0000000c T mos6502::Op_JMP(unsigned short)
020042f0 00000040 T mos6502::Op_LDA(unsigned short)
02004330 00000040 T mos6502::Op_LDX(unsigned short)
02004370 00000040 T mos6502::Op_LDY(unsigned short)
020043b0 00000054 T mos6502::Op_LSR(unsigned short)
02004404 00000040 T mos6502::Op_LSR_ACC(unsigned short)
02004444 00000002 T mos6502::Op_NOP(unsigned short)
02004448 00000048 T mos6502::Op_ORA(unsigned short)
02004490 00000068 T mos6502::Op_ROL(unsigned short)
020044f8 00000054 T mos6502::Op_ROL_ACC(unsigned short)
0200454c 00000084 T mos6502::Op_ROR(unsigned short)
020045d0 00000070 T mos6502::Op_ROR_ACC(unsigned short)
02004640 000000bc T mos6502::Op_SBC(unsigned short)
020046fc 00000010 T mos6502::Op_SEC(unsigned short)
0200470c 00000010 T mos6502::Op_SED(unsigned short)
0200471c 00000010 T mos6502::Op_SEI(unsigned short)
0200472c 0000001c T mos6502::Op_STA(unsigned short)
02004748 00000014 T mos6502::Op_STZ(unsigned short)
0200475c 0000001c T mos6502::Op_STX(unsigned short)
02004778 0000001c T mos6502::Op_STY(unsigned short)
02004794 0000003c T mos6502::Op_TAX(unsigned short)
020047d0 0000003c T mos6502::Op_TAY(unsigned short)
0200480c 0000003c T mos6502::Op_TSX(unsigned short)
02004848 0000003c T mos6502::Op_TXA(unsigned short)
02004884 00000014 T mos6502::Op_TXS(unsigned short)
02004898 0000003c T mos6502::Op_TYA(unsigned short)
020048d4 00000020 T mos6502::Op_BRA(unsigned short)
020048f4 00000044 T mos6502::Op_TRB(unsigned short)
02004938 00000044 T mos6502::Op_TSB(unsigned short)
0200497c 00000038 T mos6502::Op_BVS(unsigned short)
020049b4 00000064 T mos6502::Op_BBS6(unsigned short)
02004a18 00000004 T mos6502::Addr_IMP()
02004a1c 00000038 T mos6502::Op_BPL(unsigned short)
02004a54 0000003c T mos6502::Op_PLP(unsigned short)
02004a90 00000038 T mos6502::Op_BCS(unsigned short)
02004ac8 00000038 T mos6502::Op_BCC(unsigned short)
02004b00 00000038 T mos6502::Op_BEQ(unsigned short)
02004b38 00000038 T mos6502::Op_BMI(unsigned short)
02004b70 00000038 T mos6502::Op_BNE(unsigned short)
02004ba8 00000038 T mos6502::Op_BVC(unsigned short)
02004be0 00000060 T mos6502::Op_PLA(unsigned short)
02004c40 00000060 T mos6502::Op_PLX(unsigned short)
02004ca0 00000060 T mos6502::Op_PLY(unsigned short)
02004d00 00000064 T mos6502::Op_RTS(unsigned short)
02004d64 00000090 T mos6502::Op_RTI(unsigned short)
02004df4 0000002c T mos6502::Op_PHA(unsigned short)
02004e20 0000002c T mos6502::Op_PHX(unsigned short)
02004e4c 0000002c T mos6502::Op_PHY(unsigned short)
02004e78 00000030 T mos6502::Op_PHP(unsigned short)
02004ea8 00000024 T mos6502::Op_RMB0(unsigned short)
02004ecc 00000024 T mos6502::Op_RMB1(unsigned short)
02004ef0 00000024 T mos6502::Op_RMB2(unsigned short)
02004f14 00000024 T mos6502::Op_RMB3(unsigned short)
02004f38 00000024 T mos6502::Op_RMB4(unsigned short)
02004f5c 00000024 T mos6502::Op_RMB5(unsigned short)
02004f80 00000024 T mos6502::Op_RMB6(unsigned short)
02004fa4 00000024 T mos6502::Op_RMB7(unsigned short)
02004fc8 00000028 T mos6502::Op_SMB0(unsigned short)
02004ff0 00000028 T mos6502::Op_SMB1(unsigned short)
02005018 00000028 T mos6502::Op_SMB2(unsigned short)
02005040 00000028 T mos6502::Op_SMB3(unsigned short)
02005068 00000028 T mos6502::Op_SMB4(unsigned short)
02005090 00000028 T mos6502::Op_SMB5(unsigned short)
020050b8 00000028 T mos6502::Op_SMB6(unsigned short)
020050e0 00000028 T mos6502::Op_SMB7(unsigned short)
02005108 00000054 T mos6502::Op_JSR(unsigned short)
0200515c 0000008c T mos6502::Op_BRK(unsigned short)
020051e8 00000064 T mos6502::Op_BBR7(unsigned short)
0200524c 00000064 T mos6502::Op_BBS7(unsigned short)
020052b0 00000064 T mos6502::Op_BBR0(unsigned short)
02005314 00000064 T mos6502::Op_BBR1(unsigned short)
02005378 00000064 T mos6502::Op_BBR2(unsigned short)
020053dc 00000064 T mos6502::Op_BBR3(unsigned short)
02005440 00000064 T mos6502::Op_BBR4(unsigned short)
020054a4 00000064 T mos6502::Op_BBR5(unsigned short)
02005508 00000064 T mos6502::Op_BBR6(unsigned short)
0200556c 00000064 T mos6502::Op_BBS0(unsigned short)
020055d0 00000064 T mos6502::Op_BBS1(unsigned short)
02005634 00000064 T mos6502::Op_BBS2(unsigned short)
02005698 00000064 T mos6502::Op_BBS3(unsigned short)
020056fc 00000064 T mos6502::Op_BBS4(unsigned short)
02005760 00000064 T mos6502::Op_BBS5(unsigned short)
020057c4 00000060 T mos6502::Reset()
02005824 000020a0 T mos6502::mos6502(unsigned char (*)(unsigned short), void (*)(unsigned short, unsigned char), void (*)(), unsigned char (*)(unsigned short))
02005824 000020a0 T mos6502::mos6502(unsigned char (*)(unsigned short), void (*)(unsigned short, unsigned char), void (*)(), unsigned char (*)(unsigned short))
020078c4 000000a4 T mos6502::IRQ()
02007968 00000028 T mos6502::ScheduleIRQ(unsigned long, bool*)
02007990 00000014 T mos6502::ClearIRQ()
020079a4 00000094 T mos6502::NMI()
02007a38 00000036 T mos6502::Exec(mos6502::Instr)
02007a70 000001d8 T mos6502::Run(long, unsigned long long&, mos6502::CycleMethod)
02007c48 00000020 T fatInitDefault
02007c68 00000004 t _dvmDiscCalicoDummy
02007c6c 00000008 t _dvmDiscCalicoWriteSectors
02007c74 00000008 t _dvmDiscCalicoReadSectors
02007c7c 00000030 T _dvmIsAlignedAccess
02007cac 00000014 T _dvmCacheCopy
02007cc0 00000268 T dvmInit
02007f28 00000010 T dvmDiscAddUser
02007f38 00000028 T dvmDiscRemoveUser
02007f60 000003ec t _dvmDiscCacheReadWrite
0200834c 00000058 t _dvmDiscCacheWriteSectors
020083a4 00000058 t _dvmDiscCacheReadSectors
020083fc 000000ac t _dvmDiscCacheFlush
020084a8 00000028 t _dvmDiscCacheDestroy
020084d0 000001a0 T dvmDiscCacheCreate
02008670 00000188 T dvmMountVolume
020087f8 00000074 T _dvmSetAppWorkingDir
0200886c 000001d8 t _dvmIdentMbrVbr
02008a44 00000204 t _dvmReadPartitionTable
02008c48 000000f0 T dvmProbeMountDisc
02008d38 000000ac t _FAT_fstat_r
02008de4 0000001c t _FAT_umount
02008e00 00000044 t _FAT_mount
02008e44 0000013c t _FAT_seek_r
02008f80 0000010c t _FAT_set_stat.isra.0
0200908c 00000064 t _FAT_mkdir_r
020090f0 00000064 t _FAT_chdir_r
02009154 00000070 t _FAT_unlink_r
020091c4 0000006c t _FAT_rmdir_r
02009230 0000007c t _FAT_diropen_r
020092ac 00000064 t _FAT_fsync_r
02009310 00000064 t _FAT_close_r
02009374 00000064 t _FAT_dirclose_r
020093d8 0000006c t _FAT_dirreset_r
02009444 00000080 t _FAT_rename_r
020094c4 00000098 t _FAT_stat_r
0200955c 0000007c t _FAT_read_r
020095d8 0000007c t _FAT_write_r
02009654 000000f0 t _FAT_statvfs_r
02009744 00000190 t _FAT_ftruncate_r
020098d4 00000124 t _FAT_dirnext_r
020099f8 00000124 t _FAT_open_r
02009b1c 00000064 T get_fattime
02009b80 00000018 T ff_mutex_create
02009b98 00000004 T ff_mutex_delete
02009b9c 00000014 T ff_mutex_take
02009bb0 00000008 T ff_mutex_give
02009bb8 00000024 T disk_initialize
02009bdc 00000024 T disk_status
02009c00 0000002c T disk_read
02009c2c 0000002c T disk_write
02009c58 00000038 T disk_ioctl
02009c90 000000fc t tchar2uni
02009d8c 00000090 t sync_window
02009e1c 00000130 t put_utf
02009f4c 0000009c t dir_clear
02009fe8 0000028c t get_fileinfo
0200a274 00000180 t sync_fs
0200a3f4 000000c4 t move_window
0200a4b8 000001dc t put_fat.part.0
0200a694 00000160 t get_fat.isra.0
0200a7f4 000000f4 t remove_chain
0200a8e8 0000021c t create_chain
0200ab04 00000170 t dir_next
0200ac74 00000248 t dir_read
0200aebc 00000128 t dir_sdi
0200afe4 000000cc t dir_alloc
0200b0b0 000000c4 t dir_remove
0200b174 000002f8 t dir_find
0200b46c 00000588 t follow_path
0200b9f4 000003f0 t dir_register
0200bde4 000001ec t check_fs
0200bfd0 00000504 t mount_volume.part.0
0200c4d4 000000bc t validate
0200c590 0000006c T f_mount
0200c5fc 00000038 T f_umount
0200c634 00000400 T f_open
0200ca34 000002a4 T f_read
0200ccd8 00000350 T f_write
0200d028 000001a0 T f_sync
0200d1c8 00000058 T f_close
0200d220 000000f0 T f_chdir
0200d310 00000298 T f_lseek
0200d5a8 0000012c T f_opendir
0200d6d4 000000b0 T f_closedir
0200d784 000000d0 T f_readdir
0200d854 00000104 T f_stat
0200d958 00000184 T f_getfree
0200dadc 00000228 T f_truncate
0200dd04 000001a4 T f_unlink
0200dea8 00000294 T f_mkdir
0200e13c 00000248 T f_rename
0200e384 00000078 T ff_uni2oem
0200e3fc 00000040 T ff_oem2uni
0200e43c 00000128 T ff_wtoupper
0200e564 000000e2 T chdir
0200e648 00000132 T _concatenate_path
0200e77c 0000004a t __dirnext
0200e7c8 000000be T opendir
0200e888 0000006e T closedir
0200e8f8 0000008a T readdir_r
0200e984 00000028 T readdir
0200e9ac 00000020 T __getreent
0200e9cc 00000004 t null_write
0200e9d0 00000010 T setDefaultDevice
0200e9e0 00000090 T FindDevice
0200ea70 0000007c T AddDevice
0200eaec 00000020 T GetDeviceOpTab
0200eb0c 00000018 T __libc_lock_acquire
0200eb24 00000018 T __libc_lock_release
0200eb3c 00000018 T __libc_lock_acquire_recursive
0200eb54 00000018 T __libc_lock_release_recursive
0200eb6c 0000006c T checkIfText
0200ebd8 000000e8 T bgUpdate
0200ecc0 000000a8 T bgInit_call
0200ed68 000000b0 T bgInitSub_call
0200ee18 000000e0 t newRow
0200eef8 000000e0 T consolePrintChar
0200efd8 00000344 T con_write
0200f31c 000002e8 T consoleLoadFont
0200f604 00000170 T consoleInit
0200f774 00000040 T consoleDemoInit
0200f7b4 0000006c t defaultHandler
0200f820 00000036 t excptPrint
0200f858 00000020 T defaultExceptionHandler
0200f878 00000074 t ARMShift
0200f8ec 00000198 T getExceptionAddress
0200fa84 00000108 T guruMeditationDump
0200fb8c 0000006c T scanKeys
0200fbf8 0000000c T keysHeld
0200fc04 00000010 T keysDown
0200fc14 00000010 T keysDownRepeat
0200fc24 00000024 T keysSetRepeat
0200fc48 0000004c T sinLutLookup
0200fc94 00000038 T sinLerp
0200fccc 00000044 T cosLerp
0200fd10 000000f8 T __libnds_excpt
0200fe08 0000009c T threadExit
0200fea4 00000010 t _threadTickTask
0200feb4 00000098 T _threadInit
0200ff4c 000000a4 T threadPrepare
0200fff0 000000c8 T threadStart
020100b8 000000a0 T threadIrqWait
02010158 00000058 T threadSleepTicks
020101b0 00000002 t _dietPrintDefaultFunc
020101b4 0000003c t _dietOutput
020101f0 00000110 t _dietPrintDec32
02010300 00000170 t _dietPrintHex32
02010470 000004b8 T dietPrintV
02010928 00000018 T dietPrint
02010940 00000014 T __syscall_getreent
02010954 00000024 T __errno
02010978 00000030 T __syscall_gettod_r
020109a8 00000004 T __syscall_lock_acquire
020109ac 00000004 T __syscall_lock_release
020109b0 0000004c T __syscall_lock_acquire_recursive
020109fc 00000018 T __syscall_lock_release_recursive
02010a14 00000004 t _pxiMailboxHandler
02010a18 00000004 W _pxiRecvUnhandled
02010a1c 00000154 t _pxiRecvIrqHandler
02010b70 00000058 T _pxiInit
02010bc8 00000074 T pxiSetHandler
02010c3c 00000068 T pxiSetMailbox
02010ca4 00000038 T pxiWaitRemote
02010cdc 00000050 T pxiSendPacket
02010d2c 00000098 T pxiSendExtPacket
02010dc4 0000002c T pxiBeginReceive
02010df0 000000ac T pxiEndReceive
02010e9c 00000028 T keypadGetState
02010ec4 00000004 W systemUserStartup
02010ec8 00000104 W systemStartup
02010fcc 00000058 T touchRead
02011024 00000044 t _blkDevReadWriteSectors
02011068 00000008 T blkInit
02011070 00000030 T blkDevIsPresent
020110a0 00000030 T blkDevInit
020110d0 00000034 T blkDevGetSectorCount
02011104 0000005c T blkDevReadSectors
02011160 0000005c T blkDevWriteSectors
020111bc 00000064 T irqSet
02011220 0000001c t _tickCountIsr
0201123c 00000084 t _tickTaskSchedule.part.0.isra.0
020112c0 000000a0 T tickInit
02011360 0000005c T tickGetCount
020113bc 00000110 t _tickTaskIsr
020114cc 00000144 T tickTaskStart
02011610 000001cc t threadUpdateDynamicPrio
020117dc 000001c8 t threadRemoveWaiter
020119a4 00000150 T mutexLock
02011af4 000000d0 T mutexUnlock
02011bc4 00000098 T mailboxTrySend
02011c5c 00000098 T mailboxRecv
02011cf4 00000040 t _pmCallEventHandlers
02011d34 000000a0 t _pmPxiThreadMain
02011dd4 00000028 t _pmResetPxiHandler
02011dfc 00000004 W systemUserExit
02011e00 00000004 W systemErrorExit
02011e04 00000138 T __syscall_exit
02011f3c 00000058 T pmInit
02011f94 0000000c T operator delete(void*, unsigned int)
02011fa0 00000046 T operator new(unsigned int)
02011fe8 0000000c T operator new[](unsigned int)
02011ff4 0000041c t std::ios_base::Init::Init() [clone .part.0]
02012410 00000038 T std::ios_base::Init::Init()
02012410 00000038 T std::ios_base::Init::Init()
02012448 0000007c T std::ios_base::Init::~Init()
02012448 0000007c T std::ios_base::Init::~Init()
020124c4 00000008 W __gnu_cxx::__concurrence_lock_error::what() const
020124cc 00000008 W __gnu_cxx::__concurrence_unlock_error::what() const
020124d4 00000002 T std::locale::facet::~facet()
020124d4 00000002 T std::locale::facet::~facet()
020124d8 00000010 T std::locale::facet::~facet()
020124e8 00000018 W __gnu_cxx::__concurrence_lock_error::~__concurrence_lock_error()
020124e8 00000018 W __gnu_cxx::__concurrence_lock_error::~__concurrence_lock_error()
02012500 00000020 W __gnu_cxx::__concurrence_lock_error::~__concurrence_lock_error()
02012520 00000018 W __gnu_cxx::__concurrence_unlock_error::~__concurrence_unlock_error()
02012520 00000018 W __gnu_cxx::__concurrence_unlock_error::~__concurrence_unlock_error()
02012538 00000020 W __gnu_cxx::__concurrence_unlock_error::~__concurrence_unlock_error()
02012558 00000024 T std::locale::facet::_S_initialize_once()
0201257c 00000034 T std::locale::locale(std::locale const&)
0201257c 00000034 T std::locale::locale(std::locale const&)
020125b0 00000004 T std::locale::locale(std::locale::_Impl*)
020125b0 00000004 T std::locale::locale(std::locale::_Impl*)
020125b4 00000040 T std::locale::facet::_S_get_c_locale()
020125f4 00000008 T std::locale::facet::_S_get_c_name()
020125fc 0000013a T std::locale::_Impl::~_Impl()
020125fc 0000013a T std::locale::_Impl::~_Impl()
02012738 0000006c T std::locale::operator=(std::locale const&)
020127a4 0000004c T std::locale::~locale()
020127a4 0000004c T std::locale::~locale()
020127f0 00000098 T std::locale::id::_M_id() const
02012888 000002fe T std::locale::_Impl::_M_install_facet(std::locale::id const*, std::locale::facet const*)
02012b88 00000146 T std::locale::_Impl::_M_install_cache(std::locale::facet const*, unsigned int)
02012cd0 00000008 T std::__basic_file<char>::__basic_file(pthread_mutex_t*)
02012cd0 00000008 T std::__basic_file<char>::__basic_file(pthread_mutex_t*)
02012cd8 0000001e T std::__basic_file<char>::~__basic_file()
02012cd8 0000001e T std::__basic_file<char>::~__basic_file()
02012cf8 00000040 T std::__basic_file<char>::open(char const*, std::_Ios_Openmode, int)
02012d38 00000008 T std::__basic_file<char>::is_open() const
02012d40 0000002a T std::__basic_file<char>::close()
02012d6c 0000003c T std::__basic_file<char>::xsgetn(char*, int)
02012da8 00000048 T std::__basic_file<char>::xsputn(char const*, int)
02012df0 00000096 T std::__basic_file<char>::xsputn_2(char const*, int, char const*, int)
02012e88 00000030 T std::__basic_file<char>::seekoff(long long, std::_Ios_Seekdir)
02012eb8 00000074 T std::__basic_file<char>::showmanyc()
02012f2c 0000001e t std::__facet_shims::(anonymous namespace)::collate_shim<char>::do_compare(char const*, char const*, char const*, char const*) const
02012f4c 00000038 t std::__facet_shims::(anonymous namespace)::time_get_shim<char>::do_get_year(std::istreambuf_iterator<char, std::char_traits<char> >, std::istreambuf_iterator<char, std::char_traits<char> >, std::ios_base&, std::_Ios_Iostate&, tm*) const
02012f84 00000038 t std::__facet_shims::(anonymous namespace)::time_get_shim<char>::do_get_monthname(std::istreambuf_iterator<char, std::char_traits<char> >, std::istreambuf_iterator<char, std::char_traits<char> >, std::ios_base&, std::_Ios_Iostate&, tm*) const
02012fbc 00000038 t std::__facet_shims::(anonymous namespace)::time_get_shim<char>::do_get_weekday(std::istreambuf_iterator<char, std::char_traits<char> >, std::istreambuf_iterator<char, std::char_traits<char> >, std::ios_base&, std::_Ios_Iostate&, tm*) const
02012ff4 00000038 t std::__facet_shims::(anonymous namespace)::time_get_shim<char>::do_get_date(std::istreambuf_iterator<char, std::char_traits<char> >, std::istreambuf_iterator<char, std::char_traits<char> >, std::ios_base&, std::_Ios_Iostate&, tm*) const
0201302c 00000038 t std::__facet_shims::(anonymous namespace)::time_get_shim<char>::do_get_time(std::istreambuf_iterator<char, std::char_traits<char> >, std::istreambuf_iterator<char, std::char_traits<char> >, std::ios_base&, std::_Ios_Iostate&, tm*) const
02013064 00000010 t std::__facet_shims::(anonymous namespace)::time_get_shim<char>::do_date_order() const
02013074 00000076 t std::__facet_shims::(anonymous namespace)::money_get_shim<char>::do_get(std::istreambuf_iterator<char, std::char_traits<char> >, std::istreambuf_iterator<char, std::char_traits<char> >, bool, std::ios_base&, std::_Ios_Iostate&, long double&) const
020130ec 00000042 t std::__facet_shims::(anonymous namespace)::money_put_shim<char>::do_put(std::ostreambuf_iterator<char, std::char_traits<char> >, bool, std::ios_base&, char, long double) const
02013130 00000012 t std::__facet_shims::(anonymous namespace)::messages_shim<char>::do_close(int) const
02013144 00000020 t std::__facet_shims::(anonymous namespace)::messages_shim<char>::do_open(std::string const&, std::locale const&) const
02013164 0000001e t std::__facet_shims::(anonymous namespace)::collate_shim<wchar_t>::do_compare(wchar_t const*, wchar_t const*, wchar_t const*, wchar_t const*) const
02013184 00000038 t std::__facet_shims::(anonymous namespace)::time_get_shim<wchar_t>::do_get_year(std::istreambuf_iterator<wchar_t, std::char_traits<wchar_t> >, std::istreambuf_iterator<wchar_t, std::char_traits<wchar_t> >, std::ios_base&, std::_Ios_Iostate&, tm*) const
020131bc 00000038 t std::__facet_shims::(anonymous namespace)::time_get_shim<wchar_t>::do_get_monthname(std::istreambuf_iterator<wchar_t, std::char_traits<wchar_t> >, std::istreambuf_iterator<wchar_t, std::char_traits<wchar_t> >, std::ios_base&, std::_Ios_Iostate&, tm*) const
020131f4 00000038 t std::__facet_shims::(anonymous namespace)::time_get_shim<wchar_t>::do_get_weekday(std::istreambuf_iterator<wchar_t, std::char_traits<wchar_t> >, std::istreambuf_iterator<wchar_t, std::char_traits<wchar_t> >, std::ios_base&, std::_Ios_Iostate&, tm*) const
0201322c 00000038 t std::__facet_shims::(anonymous namespace)::time_get_shim<wchar_t>::do_get_date(std::istreambuf_iterator<wchar_t, std::char_traits<wchar_t> >, std::istreambuf_iterator<wchar_t, std::char_traits<wchar_t> >, std::ios_base&, std::_Ios_Iostate&, tm*) const
02013264 00000038 t std::__facet_shims::(anonymous namespace)::time_get_shim<wchar_t>::do_get_time(std::istreambuf_iterator<wchar_t, std::char_traits<wchar_t> >, std::istreambuf_iterator<wchar_t, std::char_traits<wchar_t> >, std::ios_base&, std::_Ios_Iostate&, tm*) const
0201329c 00000010 t std::__facet_shims::(anonymous namespace)::time_get_shim<wchar_t>::do_date_order() const
020132ac 00000076 t std::__facet_shims::(anonymous namespace)::money_get_shim<wchar_t>::do_get(std::istreambuf_iterator<wchar_t, std::char_traits<wchar_t> >, std::istreambuf_iterator<wchar_t, std::char_traits<wchar_t> >, bool, std::ios_base&, std::_Ios_Iostate&, long double&) const
02013324 0000003e t std::__facet_shims::(anonymous namespace)::money_put_shim<wchar_t>::do_put(std::ostreambuf_iterator<wchar_t, std::char_traits<wchar_t> >, bool, std::ios_base&, wchar_t, long double) const
02013364 00000012 t std::__facet_shims::(anonymous namespace)::messages_shim<wchar_t>::do_close(int) const
02013378 00000020 t std::__facet_shims::(anonymous namespace)::messages_shim<wchar_t>::do_open(std::string const&, std::locale const&) const
02013398 00000070 t wchar_t* std::basic_string<wchar_t, std::char_traits<wchar_t>, std::allocator<wchar_t> >::_S_construct<wchar_t const*>(wchar_t const*, wchar_t const*, std::allocator<wchar_t> const&, std::forward_iterator_tag) [clone .isra.0]
02013408 00000060 t char* std::string::_S_construct<char const*>(char const*, char const*, std::allocator<char> const&, std::forward_iterator_tag) [clone .isra.0]
02013468 0000005e t std::__facet_shims::(anonymous namespace)::collate_shim<wchar_t>::do_transform(wchar_t const*, wchar_t const*) const
020134c8 0000007a t std::__facet_shims::(anonymous namespace)::messages_shim<wchar_t>::do_get(int, int, int, std::basic_string<wchar_t, std::char_traits<wchar_t>, std::allocator<wchar_t> > const&) const
02013544 000000c6 t std::__facet_shims::(anonymous namespace)::money_put_shim<wchar_t>::do_put(std::ostreambuf_iterator<wchar_t, std::char_traits<wchar_t> >, bool, std::ios_base&, wchar_t, std::basic_string<wchar_t, std::char_traits<wchar_t>, std::allocator<wchar_t> > const&) const
0201360c 000000ce t std::__facet_shims::(anonymous namespace)::money_put_shim<char>::do_put(std::ostreambuf_iterator<char, std::char_traits<char> >, bool, std::ios_base&, char, std::string const&) const
020136dc 0000005e t std::__facet_shims::(anonymous namespace)::collate_shim<char>::do_transform(char const*, char const*) const
0201373c 00000076 t std::__facet_shims::(anonymous namespace)::messages_shim<char>::do_get(int, int, int, std::string const&) const
020137b4 00000048 t void std::__facet_shims::(anonymous namespace)::__destroy_string<wchar_t>(void*)
020137fc 00000048 t void std::__facet_shims::(anonymous namespace)::__destroy_string<char>(void*)
02013844 0000004a t std::__facet_shims::(anonymous namespace)::messages_shim<char>::~messages_shim()
02013844 0000004a t std::__facet_shims::(anonymous namespace)::messages_shim<char>::~messages_shim()
02013890 0000004a t std::__facet_shims::(anonymous namespace)::messages_shim<wchar_t>::~messages_shim()
02013890 0000004a t std::__facet_shims::(anonymous namespace)::messages_shim<wchar_t>::~messages_shim()
020138dc 00000052 t std::__facet_shims::(anonymous namespace)::money_get_shim<char>::~money_get_shim()
020138dc 00000052 t std::__facet_shims::(anonymous namespace)::money_get_shim<char>::~money_get_shim()
02013930 00000052 t std::__facet_shims::(anonymous namespace)::money_put_shim<char>::~money_put_shim()
02013930 00000052 t std::__facet_shims::(anonymous namespace)::money_put_shim<char>::~money_put_shim()
02013984 00000052 t std::__facet_shims::(anonymous namespace)::money_get_shim<wchar_t>::~money_get_shim()
02013984 00000052 t std::__facet_shims::(anonymous namespace)::money_get_shim<wchar_t>::~money_get_shim()
020139d8 00000052 t std::__facet_shims::(anonymous namespace)::money_put_shim<wchar_t>::~money_put_shim()
020139d8 00000052 t std::__facet_shims::(anonymous namespace)::money_put_shim<wchar_t>::~money_put_shim()
02013a2c 00000052 t std::__facet_shims::(anonymous namespace)::time_get_shim<char>::~time_get_shim()
02013a2c 00000052 t std::__facet_shims::(anonymous namespace)::time_get_shim<char>::~time_get_shim()
02013a80 00000052 t std::__facet_shims::(anonymous namespace)::time_get_shim<wchar_t>::~time_get_shim()
02013a80 00000052 t std::__facet_shims::(anonymous namespace)::time_get_shim<wchar_t>::~time_get_shim()
02013ad4 0000004e t std::__facet_shims::(anonymous namespace)::messages_shim<char>::~messages_shim()
02013b24 0000004e t std::__facet_shims::(anonymous namespace)::messages_shim<wchar_t>::~messages_shim()
02013b74 0000004e t std::__facet_shims::(anonymous namespace)::numpunct_shim<char>::~numpunct_shim()
02013b74 0000004e t std::__facet_shims::(anonymous namespace)::numpunct_shim<char>::~numpunct_shim()
02013bc4 0000004e t std::__facet_shims::(anonymous namespace)::numpunct_shim<wchar_t>::~numpunct_shim()
02013bc4 0000004e t std::__facet_shims::(anonymous namespace)::numpunct_shim<wchar_t>::~numpunct_shim()
02013c14 00000056 t std::__facet_shims::(anonymous namespace)::money_get_shim<char>::~money_get_shim()
02013c6c 00000056 t std::__facet_shims::(anonymous namespace)::money_put_shim<char>::~money_put_shim()
02013cc4 00000056 t std::__facet_shims::(anonymous namespace)::money_get_shim<wchar_t>::~money_get_shim()
02013d1c 00000056 t std::__facet_shims::(anonymous namespace)::money_put_shim<wchar_t>::~money_put_shim()
02013d74 00000056 t std::__facet_shims::(anonymous namespace)::time_get_shim<char>::~time_get_shim()
02013dcc 00000056 t std::__facet_shims::(anonymous namespace)::time_get_shim<wchar_t>::~time_get_shim()
02013e24 0000005a t std::__facet_shims::(anonymous namespace)::collate_shim<char>::~collate_shim()
02013e24 0000005a t std::__facet_shims::(anonymous namespace)::collate_shim<char>::~collate_shim()
02013e80 0000005a t std::__facet_shims::(anonymous namespace)::collate_shim<wchar_t>::~collate_shim()
02013e80 0000005a t std::__facet_shims::(anonymous namespace)::collate_shim<wchar_t>::~collate_shim()
02013edc 00000056 t std::__facet_shims::(anonymous namespace)::numpunct_shim<char>::~numpunct_shim()
02013f34 00000056 t std::__facet_shims::(anonymous namespace)::numpunct_shim<wchar_t>::~numpunct_shim()
02013f8c 0000005e t std::__facet_shims::(anonymous namespace)::collate_shim<char>::~collate_shim()
02013fec 0000005e t std::__facet_shims::(anonymous namespace)::collate_shim<wchar_t>::~collate_shim()
0201404c 00000056 t std::__facet_shims::(anonymous namespace)::moneypunct_shim<char, true>::~moneypunct_shim()
0201404c 00000056 t std::__facet_shims::(anonymous namespace)::moneypunct_shim<char, true>::~moneypunct_shim()
020140a4 00000056 t std::__facet_shims::(anonymous namespace)::moneypunct_shim<char, false>::~moneypunct_shim()
020140a4 00000056 t std::__facet_shims::(anonymous namespace)::moneypunct_shim<char, false>::~moneypunct_shim()
020140fc 00000056 t std::__facet_shims::(anonymous namespace)::moneypunct_shim<wchar_t, true>::~moneypunct_shim()
020140fc 00000056 t std::__facet_shims::(anonymous namespace)::moneypunct_shim<wchar_t, true>::~moneypunct_shim()
02014154 00000056 t std::__facet_shims::(anonymous namespace)::moneypunct_shim<wchar_t, false>::~moneypunct_shim()
02014154 00000056 t std::__facet_shims::(anonymous namespace)::moneypunct_shim<wchar_t, false>::~moneypunct_shim()
020141ac 0000005a t std::__facet_shims::(anonymous namespace)::moneypunct_shim<char, true>::~moneypunct_shim()
02014208 0000005a t std::__facet_shims::(anonymous namespace)::moneypunct_shim<char, false>::~moneypunct_shim()
02014264 0000005a t std::__facet_shims::(anonymous namespace)::moneypunct_shim<wchar_t, true>::~moneypunct_shim()
020142c0 0000005a t std::__facet_shims::(anonymous namespace)::moneypunct_shim<wchar_t, false>::~moneypunct_shim()
0201431c 000000f6 t std::__facet_shims::(anonymous namespace)::money_get_shim<wchar_t>::do_get(std::istreambuf_iterator<wchar_t, std::char_traits<wchar_t> >, std::istreambuf_iterator<wchar_t, std::char_traits<wchar_t> >, bool, std::ios_base&, std::_Ios_Iostate&, std::basic_string<wchar_t, std::char_traits<wchar_t>, std::allocator<wchar_t> >&) const
02014414 000000f6 t std::__facet_shims::(anonymous namespace)::money_get_shim<char>::do_get(std::istreambuf_iterator<char, std::char_traits<char> >, std::istreambuf_iterator<char, std::char_traits<char> >, bool, std::ios_base&, std::_Ios_Iostate&, std::string&) const
0201450c 00000036 W std::locale::facet::_M_remove_reference() const
02014544 0000017e W void std::__facet_shims::__numpunct_fill_cache<char>(std::integral_constant<bool, false>, std::locale::facet const*, std::__numpunct_cache<char>*)
020146c4 000001a2 W void std::__facet_shims::__numpunct_fill_cache<wchar_t>(std::integral_constant<bool, false>, std::locale::facet const*, std::__numpunct_cache<wchar_t>*)
02014868 00000022 W int std::__facet_shims::__collate_compare<char>(std::integral_constant<bool, false>, std::locale::facet const*, char const*, char const*, char const*, char const*)
0201488c 00000022 W int std::__facet_shims::__collate_compare<wchar_t>(std::integral_constant<bool, false>, std::locale::facet const*, wchar_t const*, wchar_t const*, wchar_t const*, wchar_t const*)
020148b0 000000b8 W void std::__facet_shims::__collate_transform<char>(std::integral_constant<bool, false>, std::locale::facet const*, std::__facet_shims::__any_string&, char const*, char const*)
02014968 000000b8 W void std::__facet_shims::__collate_transform<wchar_t>(std::integral_constant<bool, false>, std::locale::facet const*, std::__facet_shims::__any_string&, wchar_t const*, wchar_t const*)
02014a20 0000020e W void std::__facet_shims::__moneypunct_fill_cache<char, true>(std::integral_constant<bool, false>, std::locale::facet const*, std::__moneypunct_cache<char, true>*)
02014c30 0000020e W void std::__facet_shims::__moneypunct_fill_cache<char, false>(std::integral_constant<bool, false>, std::locale::facet const*, std::__moneypunct_cache<char, false>*)
02014e40 00000252 W void std::__facet_shims::__moneypunct_fill_cache<wchar_t, true>(std::integral_constant<bool, false>, std::locale::facet const*, std::__moneypunct_cache<wchar_t, true>*)
02015094 00000252 W void std::__facet_shims::__moneypunct_fill_cache<wchar_t, false>(std::integral_constant<bool, false>, std::locale::facet const*, std::__moneypunct_cache<wchar_t, false>*)
020152e8 00000076 W int std::__facet_shims::__messages_open<char>(std::integral_constant<bool, false>, std::locale::facet const*, char const*, unsigned int, std::locale const&)
02015360 00000076 W int std::__facet_shims::__messages_open<wchar_t>(std::integral_constant<bool, false>, std::locale::facet const*, char const*, unsigned int, std::locale const&)
020153d8 00000110 W void std::__facet_shims::__messages_get<char>(std::integral_constant<bool, false>, std::locale::facet const*, std::__facet_shims::__any_string&, int, int, int, char const*, unsigned int)
020154e8 00000114 W void std::__facet_shims::__messages_get<wchar_t>(std::integral_constant<bool, false>, std::locale::facet const*, std::__facet_shims::__any_string&, int, int, int, wchar_t const*, unsigned int)
020155fc 00000016 W void std::__facet_shims::__messages_close<char>(std::integral_constant<bool, false>, std::locale::facet const*, int)
02015614 00000016 W void std::__facet_shims::__messages_close<wchar_t>(std::integral_constant<bool, false>, std::locale::facet const*, int)
0201562c 00000014 W std::time_base::dateorder std::__facet_shims::__time_get_dateorder<char>(std::integral_constant<bool, false>, std::locale::facet const*)
02015640 00000014 W std::time_base::dateorder std::__facet_shims::__time_get_dateorder<wchar_t>(std::integral_constant<bool, false>, std::locale::facet const*)
02015654 0000010a W std::istreambuf_iterator<char, std::char_traits<char> > std::__facet_shims::__time_get<char>(std::integral_constant<bool, false>, std::locale::facet const*, std::istreambuf_iterator<char, std::char_traits<char> >, std::istreambuf_iterator<char, std::char_traits<char> >, std::ios_base&, std::_Ios_Iostate&, tm*, char)
02015760 0000010a W std::istreambuf_iterator<wchar_t, std::char_traits<wchar_t> > std::__facet_shims::__time_get<wchar_t>(std::integral_constant<bool, false>, std::locale::facet const*, std::istreambuf_iterator<wchar_t, std::char_traits<wchar_t> >, std::istreambuf_iterator<wchar_t, std::char_traits<wchar_t> >, std::ios_base&, std::_Ios_Iostate&, tm*, char)
0201586c 00000176 W std::istreambuf_iterator<char, std::char_traits<char> > std::__facet_shims::__money_get<char>(std::integral_constant<bool, false>, std::locale::facet const*, std::istreambuf_iterator<char, std::char_traits<char> >, std::istreambuf_iterator<char, std::char_traits<char> >, bool, std::ios_base&, std::_Ios_Iostate&, long double*, std::__facet_shims::__any_string*)
020159e4 00000176 W std::istreambuf_iterator<wchar_t, std::char_traits<wchar_t> > std::__facet_shims::__money_get<wchar_t>(std::integral_constant<bool, false>, std::locale::facet const*, std::istreambuf_iterator<wchar_t, std::char_traits<wchar_t> >, std::istreambuf_iterator<wchar_t, std::char_traits<wchar_t> >, bool, std::ios_base&, std::_Ios_Iostate&, long double*, std::__facet_shims::__any_string*)
02015b5c 000000da W std::ostreambuf_iterator<char, std::char_traits<char> > std::__facet_shims::__money_put<char>(std::integral_constant<bool, false>, std::locale::facet const*, std::ostreambuf_iterator<char, std::char_traits<char> >, bool, std::ios_base&, char, long double, std::__facet_shims::__any_string const*)
02015c38 000000da W std::ostreambuf_iterator<wchar_t, std::char_traits<wchar_t> > std::__facet_shims::__money_put<wchar_t>(std::integral_constant<bool, false>, std::locale::facet const*, std::ostreambuf_iterator<wchar_t, std::char_traits<wchar_t> >, bool, std::ios_base&, wchar_t, long double, std::__facet_shims::__any_string const*)
02015d14 00000690 T std::locale::facet::_M_cow_shim(std::locale::id const*) const
020163a4 00000050 W std::string::copy(char*, unsigned int, unsigned int) const
020163f4 00000038 W std::string::swap(std::string&)
0201642c 00000028 W std::string::find_first_not_of(char, unsigned int) const
02016454 00000060 W std::string::_Rep::_S_create(unsigned int, unsigned int, std::allocator<char> const&)
020164b4 0000004c W std::string::_S_construct(unsigned int, char, std::allocator<char> const&)
02016500 0000000c W std::string::_Rep::_M_destroy(std::allocator<char> const&)
0201650c 00000148 W std::string::_M_mutate(unsigned int, unsigned int, unsigned int)
02016654 00000054 W std::string::_M_leak_hard()
020166a8 00000016 W std::string::_M_leak()
020166c0 00000054 W std::string::_M_replace_aux(unsigned int, unsigned int, unsigned int, char)
02016714 00000032 W std::string::_M_replace_safe(unsigned int, unsigned int, char const*, unsigned int)
02016748 000000bc W std::string::assign(char const*, unsigned int)
02016804 00000058 W std::string::_Rep::_M_clone(std::allocator<char> const&, unsigned int)
0201685c 00000088 W std::string::reserve(unsigned int)
020168e4 000000ac W std::string::append(std::string const&)
02016990 000000d4 W std::string::append(char const*, unsigned int)
02016a64 000000b8 W std::string::append(unsigned int, char)
02016b1c 0000003c W std::string::resize(unsigned int, char)
02016b58 00000074 W std::string::push_back(char)
02016bcc 00000054 W std::basic_string<wchar_t, std::char_traits<wchar_t>, std::allocator<wchar_t> >::copy(wchar_t*, unsigned int, unsigned int) const
02016c20 00000038 W std::basic_string<wchar_t, std::char_traits<wchar_t>, std::allocator<wchar_t> >::swap(std::basic_string<wchar_t, std::char_traits<wchar_t>, std::allocator<wchar_t> >&)
02016c58 00000064 W std::basic_string<wchar_t, std::char_traits<wchar_t>, std::allocator<wchar_t> >::_Rep::_S_create(unsigned int, unsigned int, std::allocator<wchar_t> const&)
02016cbc 00000050 W std::basic_string<wchar_t, std::char_traits<wchar_t>, std::allocator<wchar_t> >::_S_construct(unsigned int, wchar_t, std::allocator<wchar_t> const&)
02016d0c 0000000c W std::basic_string<wchar_t, std::char_traits<wchar_t>, std::allocator<wchar_t> >::_Rep::_M_destroy(std::allocator<wchar_t> const&)
02016d18 00000164 W std::basic_string<wchar_t, std::char_traits<wchar_t>, std::allocator<wchar_t> >::_M_mutate(unsigned int, unsigned int, unsigned int)
02016e7c 00000054 W std::basic_string<wchar_t, std::char_traits<wchar_t>, std::allocator<wchar_t> >::_M_leak_hard()
02016ed0 00000054 W std::basic_string<wchar_t, std::char_traits<wchar_t>, std::allocator<wchar_t> >::_M_replace_aux(unsigned int, unsigned int, unsigned int, wchar_t)
02016f24 00000034 W std::basic_string<wchar_t, std::char_traits<wchar_t>, std::allocator<wchar_t> >::_M_replace_safe(unsigned int, unsigned int, wchar_t const*, unsigned int)
02016f58 000000c0 W std::basic_string<wchar_t, std::char_traits<wchar_t>, std::allocator<wchar_t> >::assign(wchar_t const*, unsigned int)
02017018 0000005c W std::basic_string<wchar_t, std::char_traits<wchar_t>, std::allocator<wchar_t> >::_Rep::_M_clone(std::allocator<wchar_t> const&, unsigned int)
02017074 00000088 W std::basic_string<wchar_t, std::char_traits<wchar_t>, std::allocator<wchar_t> >::reserve(unsigned int)
020170fc 000000ac W std::basic_string<wchar_t, std::char_traits<wchar_t>, std::allocator<wchar_t> >::append(std::basic_string<wchar_t, std::char_traits<wchar_t>, std::allocator<wchar_t> > const&)
020171a8 000000dc W std::basic_string<wchar_t, std::char_traits<wchar_t>, std::allocator<wchar_t> >::append(wchar_t const*, unsigned int)
02017284 000000b8 W std::basic_string<wchar_t, std::char_traits<wchar_t>, std::allocator<wchar_t> >::append(unsigned int, wchar_t)
0201733c 0000003c W std::basic_string<wchar_t, std::char_traits<wchar_t>, std::allocator<wchar_t> >::resize(unsigned int, wchar_t)
02017378 00000078 W std::basic_string<wchar_t, std::char_traits<wchar_t>, std::allocator<wchar_t> >::push_back(wchar_t)
020173f0 0000001e t std::__facet_shims::(anonymous namespace)::collate_shim<char>::do_compare(char const*, char const*, char const*, char const*) const
02017410 00000038 t std::__facet_shims::(anonymous namespace)::time_get_shim<char>::do_get_year(std::istreambuf_iterator<char, std::char_traits<char> >, std::istreambuf_iterator<char, std::char_traits<char> >, std::ios_base&, std::_Ios_Iostate&, tm*) const
02017448 00000038 t std::__facet_shims::(anonymous namespace)::time_get_shim<char>::do_get_monthname(std::istreambuf_iterator<char, std::char_traits<char> >, std::istreambuf_iterator<char, std::char_traits<char> >, std::ios_base&, std::_Ios_Iostate&, tm*) const
02017480 00000038 t std::__facet_shims::(anonymous namespace)::time_get_shim<char>::do_get_weekday(std::istreambuf_iterator<char, std::char_traits<char> >, std::istreambuf_iterator<char, std::char_traits<char> >, std::ios_base&, std::_Ios_Iostate&, tm*) const
020174b8 00000038 t std::__facet_shims::(anonymous namespace)::time_get_shim<char>::do_get_date(std::istreambuf_iterator<char, std::char_traits<char> >, std::istreambuf_iterator<char, std::char_traits<char> >, std::ios_base&, std::_Ios_Iostate&, tm*) const
020174f0 00000038 t std::__facet_shims::(anonymous namespace)::time_get_shim<char>::do_get_time(std::istreambuf_iterator<char, std::char_traits<char> >, std::istreambuf_iterator<char, std::char_traits<char> >, std::ios_base&, std::_Ios_Iostate&, tm*) const
02017528 00000010 t std::__facet_shims::(anonymous namespace)::time_get_shim<char>::do_date_order() const
02017538 00000076 t std::__facet_shims::(anonymous namespace)::money_get_shim<char>::do_get(std::istreambuf_iterator<char, std::char_traits<char> >, std::istreambuf_iterator<char, std::char_traits<char> >, bool, std::ios_base&, std::_Ios_Iostate&, long double&) const
020175b0 00000042 t std::__facet_shims::(anonymous namespace)::money_put_shim<char>::do_put(std::ostreambuf_iterator<char, std::char_traits<char> >, bool, std::ios_base&, char, long double) const
020175f4 00000012 t std::__facet_shims::(anonymous namespace)::messages_shim<char>::do_close(int) const
02017608 0000001a t std::__facet_shims::(anonymous namespace)::messages_shim<char>::do_open(std::__cxx11::basic_string<char, std::char_traits<char>, std::allocator<char> > const&, std::locale const&) const
02017624 0000001e t std::__facet_shims::(anonymous namespace)::collate_shim<wchar_t>::do_compare(wchar_t const*, wchar_t const*, wchar_t const*, wchar_t const*) const
02017644 00000038 t std::__facet_shims::(anonymous namespace)::time_get_shim<wchar_t>::do_get_year(std::istreambuf_iterator<wchar_t, std::char_traits<wchar_t> >, std::istreambuf_iterator<wchar_t, std::char_traits<wchar_t> >, std::ios_base&, std::_Ios_Iostate&, tm*) const
0201767c 00000038 t std::__facet_shims::(anonymous namespace)::time_get_shim<wchar_t>::do_get_monthname(std::istreambuf_iterator<wchar_t, std::char_traits<wchar_t> >, std::istreambuf_iterator<wchar_t, std::char_traits<wchar_t> >, std::ios_base&, std::_Ios_Iostate&, tm*) const
020176b4 00000038 t std::__facet_shims::(anonymous namespace)::time_get_shim<wchar_t>::do_get_weekday(std::istreambuf_iterator<wchar_t, std::char_traits<wchar_t> >, std::istreambuf_iterator<wchar_t, std::char_traits<wchar_t> >, std::ios_base&, std::_Ios_Iostate&, tm*) const
020176ec 00000038 t std::__facet_shims::(anonymous namespace)::time_get_shim<wchar_t>::do_get_date(std::istreambuf_iterator<wchar_t, std::char_traits<wchar_t> >, std::istreambuf_iterator<wchar_t, std::char_traits<wchar_t> >, std::ios_base&, std::_Ios_Iostate&, tm*) const
02017724 00000038 t std::__facet_shims::(anonymous namespace)::time_get_shim<wchar_t>::do_get_time(std::istreambuf_iterator<wchar_t, std::char_traits<wchar_t> >, std::istreambuf_iterator<wchar_t, std::char_traits<wchar_t> >, std::ios_base&, std::_Ios_Iostate&, tm*) const
0201775c 00000010 t std::__facet_shims::(anonymous namespace)::time_get_shim<wchar_t>::do_date_order() const
0201776c 00000076 t std::__facet_shims::(anonymous namespace)::money_get_shim<wchar_t>::do_get(std::istreambuf_iterator<wchar_t, std::char_traits<wchar_t> >, std::istreambuf_iterator<wchar_t, std::char_traits<wchar_t> >, bool, std::ios_base&, std::_Ios_Iostate&, long double&) const
020177e4 0000003e t std::__facet_shims::(anonymous namespace)::money_put_shim<wchar_t>::do_put(std::ostreambuf_iterator<wchar_t, std::char_traits<wchar_t> >, bool, std::ios_base&, wchar_t, long double) const
02017824 00000012 t std::__facet_shims::(anonymous namespace)::messages_shim<wchar_t>::do_close(int) const
02017838 0000001a t std::__facet_shims::(anonymous namespace)::messages_shim<wchar_t>::do_open(std::__cxx11::basic_string<char, std::char_traits<char>, std::allocator<char> > const&, std::locale const&) const
02017854 0000004e t void std::__cxx11::basic_string<char, std::char_traits<char>, std::allocator<char> >::_M_construct<char const*>(char const*, char const*, std::forward_iterator_tag) [clone .isra.0]
020178a4 0000004e t void std::__cxx11::basic_string<wchar_t, std::char_traits<wchar_t>, std::allocator<wchar_t> >::_M_construct<wchar_t const*>(wchar_t const*, wchar_t const*, std::forward_iterator_tag) [clone .isra.0]
020178f4 00000076 t std::__facet_shims::(anonymous namespace)::collate_shim<wchar_t>::do_transform(wchar_t const*, wchar_t const*) const
0201796c 00000086 t std::__facet_shims::(anonymous namespace)::messages_shim<wchar_t>::do_get(int, int, int, std::__cxx11::basic_string<wchar_t, std::char_traits<wchar_t>, std::allocator<wchar_t> > const&) const
020179f4 0000007e t std::__facet_shims::(anonymous namespace)::money_put_shim<char>::do_put(std::ostreambuf_iterator<char, std::char_traits<char> >, bool, std::ios_base&, char, std::__cxx11::basic_string<char, std::char_traits<char>, std::allocator<char> > const&) const
02017a74 0000007a t std::__facet_shims::(anonymous namespace)::money_put_shim<wchar_t>::do_put(std::ostreambuf_iterator<wchar_t, std::char_traits<wchar_t> >, bool, std::ios_base&, wchar_t, std::__cxx11::basic_string<wchar_t, std::char_traits<wchar_t>, std::allocator<wchar_t> > const&) const
02017af0 00000072 t std::__facet_shims::(anonymous namespace)::collate_shim<char>::do_transform(char const*, char const*) const
02017b64 00000082 t std::__facet_shims::(anonymous namespace)::messages_shim<char>::do_get(int, int, int, std::__cxx11::basic_string<char, std::char_traits<char>, std::allocator<char> > const&) const
02017be8 00000016 t void std::__facet_shims::(anonymous namespace)::__destroy_string<wchar_t>(void*)
02017c00 00000016 t void std::__facet_shims::(anonymous namespace)::__destroy_string<char>(void*)
02017c18 0000013e t std::__facet_shims::(anonymous namespace)::money_get_shim<wchar_t>::do_get(std::istreambuf_iterator<wchar_t, std::char_traits<wchar_t> >, std::istreambuf_iterator<wchar_t, std::char_traits<wchar_t> >, bool, std::ios_base&, std::_Ios_Iostate&, std::__cxx11::basic_string<wchar_t, std::char_traits<wchar_t>, std::allocator<wchar_t> >&) const
02017d58 0000004a t std::__facet_shims::(anonymous namespace)::messages_shim<char>::~messages_shim()
02017d58 0000004a t std::__facet_shims::(anonymous namespace)::messages_shim<char>::~messages_shim()
02017da4 0000004a t std::__facet_shims::(anonymous namespace)::messages_shim<wchar_t>::~messages_shim()
02017da4 0000004a t std::__facet_shims::(anonymous namespace)::messages_shim<wchar_t>::~messages_shim()
02017df0 00000052 t std::__facet_shims::(anonymous namespace)::money_get_shim<char>::~money_get_shim()
02017df0 00000052 t std::__facet_shims::(anonymous namespace)::money_get_shim<char>::~money_get_shim()
02017e44 00000052 t std::__facet_shims::(anonymous namespace)::money_put_shim<char>::~money_put_shim()
02017e44 00000052 t std::__facet_shims::(anonymous namespace)::money_put_shim<char>::~money_put_shim()
02017e98 00000052 t std::__facet_shims::(anonymous namespace)::money_get_shim<wchar_t>::~money_get_shim()
02017e98 00000052 t std::__facet_shims::(anonymous namespace)::money_get_shim<wchar_t>::~money_get_shim()
02017eec 00000052 t std::__facet_shims::(anonymous namespace)::money_put_shim<wchar_t>::~money_put_shim()
02017eec 00000052 t std::__facet_shims::(anonymous namespace)::money_put_shim<wchar_t>::~money_put_shim()
02017f40 00000052 t std::__facet_shims::(anonymous namespace)::time_get_shim<char>::~time_get_shim()
02017f40 00000052 t std::__facet_shims::(anonymous namespace)::time_get_shim<char>::~time_get_shim()
02017f94 00000052 t std::__facet_shims::(anonymous namespace)::time_get_shim<wchar_t>::~time_get_shim()
02017f94 00000052 t std::__facet_shims::(anonymous namespace)::time_get_shim<wchar_t>::~time_get_shim()
02017fe8 0000004e t std::__facet_shims::(anonymous namespace)::messages_shim<char>::~messages_shim()
02018038 0000004e t std::__facet_shims::(anonymous namespace)::messages_shim<wchar_t>::~messages_shim()
02018088 0000004e t std::__facet_shims::(anonymous namespace)::numpunct_shim<char>::~numpunct_shim()
02018088 0000004e t std::__facet_shims::(anonymous namespace)::numpunct_shim<char>::~numpunct_shim()
020180d8 0000004e t std::__facet_shims::(anonymous namespace)::numpunct_shim<wchar_t>::~numpunct_shim()
020180d8 0000004e t std::__facet_shims::(anonymous namespace)::numpunct_shim<wchar_t>::~numpunct_shim()
02018128 00000056 t std::__facet_shims::(anonymous namespace)::money_get_shim<char>::~money_get_shim()
02018180 00000056 t std::__facet_shims::(anonymous namespace)::money_put_shim<char>::~money_put_shim()
020181d8 00000056 t std::__facet_shims::(anonymous namespace)::money_get_shim<wchar_t>::~money_get_shim()
02018230 00000056 t std::__facet_shims::(anonymous namespace)::money_put_shim<wchar_t>::~money_put_shim()
02018288 00000056 t std::__facet_shims::(anonymous namespace)::time_get_shim<char>::~time_get_shim()
020182e0 00000056 t std::__facet_shims::(anonymous namespace)::time_get_shim<wchar_t>::~time_get_shim()
02018338 0000005a t std::__facet_shims::(anonymous namespace)::collate_shim<char>::~collate_shim()
02018338 0000005a t std::__facet_shims::(anonymous namespace)::collate_shim<char>::~collate_shim()
02018394 0000005a t std::__facet_shims::(anonymous namespace)::collate_shim<wchar_t>::~collate_shim()
02018394 0000005a t std::__facet_shims::(anonymous namespace)::collate_shim<wchar_t>::~collate_shim()
020183f0 00000056 t std::__facet_shims::(anonymous namespace)::numpunct_shim<char>::~numpunct_shim()
02018448 00000056 t std::__facet_shims::(anonymous namespace)::numpunct_shim<wchar_t>::~numpunct_shim()
020184a0 0000005e t std::__facet_shims::(anonymous namespace)::collate_shim<char>::~collate_shim()
02018500 0000005e t std::__facet_shims::(anonymous namespace)::collate_shim<wchar_t>::~collate_shim()
02018560 00000056 t std::__facet_shims::(anonymous namespace)::moneypunct_shim<char, true>::~moneypunct_shim()
02018560 00000056 t std::__facet_shims::(anonymous namespace)::moneypunct_shim<char, true>::~moneypunct_shim()
020185b8 00000056 t std::__facet_shims::(anonymous namespace)::moneypunct_shim<char, false>::~moneypunct_shim()
020185b8 00000056 t std::__facet_shims::(anonymous namespace)::moneypunct_shim<char, false>::~moneypunct_shim()
02018610 00000056 t std::__facet_shims::(anonymous namespace)::moneypunct_shim<wchar_t, true>::~moneypunct_shim()
02018610 00000056 t std::__facet_shims::(anonymous namespace)::moneypunct_shim<wchar_t, true>::~moneypunct_shim()
02018668 00000056 t std::__facet_shims::(anonymous namespace)::moneypunct_shim<wchar_t, false>::~moneypunct_shim()
02018668 00000056 t std::__facet_shims::(anonymous namespace)::moneypunct_shim<wchar_t, false>::~moneypunct_shim()
020186c0 0000005a t std::__facet_shims::(anonymous namespace)::moneypunct_shim<char, true>::~moneypunct_shim()
0201871c 0000005a t std::__facet_shims::(anonymous namespace)::moneypunct_shim<char, false>::~moneypunct_shim()
02018778 0000005a t std::__facet_shims::(anonymous namespace)::moneypunct_shim<wchar_t, true>::~moneypunct_shim()
020187d4 0000005a t std::__facet_shims::(anonymous namespace)::moneypunct_shim<wchar_t, false>::~moneypunct_shim()
02018830 00000186 t std::__facet_shims::(anonymous namespace)::money_get_shim<char>::do_get(std::istreambuf_iterator<char, std::char_traits<char> >, std::istreambuf_iterator<char, std::char_traits<char> >, bool, std::ios_base&, std::_Ios_Iostate&, std::__cxx11::basic_string<char, std::char_traits<char>, std::allocator<char> >&) const
020189b8 000000f2 W void std::__facet_shims::__numpunct_fill_cache<char>(std::integral_constant<bool, true>, std::locale::facet const*, std::__numpunct_cache<char>*)
02018aac 0000011a W void std::__facet_shims::__numpunct_fill_cache<wchar_t>(std::integral_constant<bool, true>, std::locale::facet const*, std::__numpunct_cache<wchar_t>*)
02018bc8 00000022 W int std::__facet_shims::__collate_compare<char>(std::integral_constant<bool, true>, std::locale::facet const*, char const*, char const*, char const*, char const*)
02018bec 00000022 W int std::__facet_shims::__collate_compare<wchar_t>(std::integral_constant<bool, true>, std::locale::facet const*, wchar_t const*, wchar_t const*, wchar_t const*, wchar_t const*)
02018c10 0000005c W void std::__facet_shims::__collate_transform<char>(std::integral_constant<bool, true>, std::locale::facet const*, std::__facet_shims::__any_string&, char const*, char const*)
02018c6c 0000005c W void std::__facet_shims::__collate_transform<wchar_t>(std::integral_constant<bool, true>, std::locale::facet const*, std::__facet_shims::__any_string&, wchar_t const*, wchar_t const*)
02018cc8 00000152 W void std::__facet_shims::__moneypunct_fill_cache<char, true>(std::integral_constant<bool, true>, std::locale::facet const*, std::__moneypunct_cache<char, true>*)
02018e1c 00000152 W void std::__facet_shims::__moneypunct_fill_cache<char, false>(std::integral_constant<bool, true>, std::locale::facet const*, std::__moneypunct_cache<char, false>*)
02018f70 0000018a W void std::__facet_shims::__moneypunct_fill_cache<wchar_t, true>(std::integral_constant<bool, true>, std::locale::facet const*, std::__moneypunct_cache<wchar_t, true>*)
020190fc 0000018a W void std::__facet_shims::__moneypunct_fill_cache<wchar_t, false>(std::integral_constant<bool, true>, std::locale::facet const*, std::__moneypunct_cache<wchar_t, false>*)
02019288 00000056 W int std::__facet_shims::__messages_open<char>(std::integral_constant<bool, true>, std::locale::facet const*, char const*, unsigned int, std::locale const&)
020192e0 00000056 W int std::__facet_shims::__messages_open<wchar_t>(std::integral_constant<bool, true>, std::locale::facet const*, char const*, unsigned int, std::locale const&)
02019338 000000ac W void std::__facet_shims::__messages_get<char>(std::integral_constant<bool, true>, std::locale::facet const*, std::__facet_shims::__any_string&, int, int, int, char const*, unsigned int)
020193e4 000000ac W void std::__facet_shims::__messages_get<wchar_t>(std::integral_constant<bool, true>, std::locale::facet const*, std::__facet_shims::__any_string&, int, int, int, wchar_t const*, unsigned int)
02019490 00000016 W void std::__facet_shims::__messages_close<char>(std::integral_constant<bool, true>, std::locale::facet const*, int)
020194a8 00000016 W void std::__facet_shims::__messages_close<wchar_t>(std::integral_constant<bool, true>, std::locale::facet const*, int)
020194c0 00000014 W std::time_base::dateorder std::__facet_shims::__time_get_dateorder<char>(std::integral_constant<bool, true>, std::locale::facet const*)
020194d4 00000014 W std::time_base::dateorder std::__facet_shims::__time_get_dateorder<wchar_t>(std::integral_constant<bool, true>, std::locale::facet const*)
020194e8 0000010a W std::istreambuf_iterator<char, std::char_traits<char> > std::__facet_shims::__time_get<char>(std::integral_constant<bool, true>, std::locale::facet const*, std::istreambuf_iterator<char, std::char_traits<char> >, std::istreambuf_iterator<char, std::char_traits<char> >, std::ios_base&, std::_Ios_Iostate&, tm*, char)
020195f4 0000010a W std::istreambuf_iterator<wchar_t, std::char_traits<wchar_t> > std::__facet_shims::__time_get<wchar_t>(std::integral_constant<bool, true>, std::locale::facet const*, std::istreambuf_iterator<wchar_t, std::char_traits<wchar_t> >, std::istreambuf_iterator<wchar_t, std::char_traits<wchar_t> >, std::ios_base&, std::_Ios_Iostate&, tm*, char)
02019700 00000102 W std::istreambuf_iterator<char, std::char_traits<char> > std::__facet_shims::__money_get<char>(std::integral_constant<bool, true>, std::locale::facet const*, std::istreambuf_iterator<char, std::char_traits<char> >, std::istreambuf_iterator<char, std::char_traits<char> >, bool, std::ios_base&, std::_Ios_Iostate&, long double*, std::__facet_shims::__any_string*)
02019804 000000fe W std::istreambuf_iterator<wchar_t, std::char_traits<wchar_t> > std::__facet_shims::__money_get<wchar_t>(std::integral_constant<bool, true>, std::locale::facet const*, std::istreambuf_iterator<wchar_t, std::char_traits<wchar_t> >, std::istreambuf_iterator<wchar_t, std::char_traits<wchar_t> >, bool, std::ios_base&, std::_Ios_Iostate&, long double*, std::__facet_shims::__any_string*)
02019904 0000012a W std::ostreambuf_iterator<char, std::char_traits<char> > std::__facet_shims::__money_put<char>(std::integral_constant<bool, true>, std::locale::facet const*, std::ostreambuf_iterator<char, std::char_traits<char> >, bool, std::ios_base&, char, long double, std::__facet_shims::__any_string const*)
02019a30 000000be W std::ostreambuf_iterator<wchar_t, std::char_traits<wchar_t> > std::__facet_shims::__money_put<wchar_t>(std::integral_constant<bool, true>, std::locale::facet const*, std::ostreambuf_iterator<wchar_t, std::char_traits<wchar_t> >, bool, std::ios_base&, wchar_t, long double, std::__facet_shims::__any_string const*)
02019af0 00000690 T std::locale::facet::_M_sso_shim(std::locale::id const*) const
0201a180 00000006 W std::__cxx11::moneypunct<wchar_t, false>::do_decimal_point() const
0201a188 00000006 W std::__cxx11::moneypunct<wchar_t, false>::do_thousands_sep() const
0201a190 00000006 W std::__cxx11::moneypunct<wchar_t, false>::do_frac_digits() const
0201a198 0000002c W std::__cxx11::moneypunct<wchar_t, false>::do_pos_format() const
0201a1c4 0000002c W std::__cxx11::moneypunct<wchar_t, false>::do_neg_format() const
0201a1f0 00000006 W std::__cxx11::moneypunct<wchar_t, true>::do_decimal_point() const
0201a1f8 00000006 W std::__cxx11::moneypunct<wchar_t, true>::do_thousands_sep() const
0201a200 00000006 W std::__cxx11::moneypunct<wchar_t, true>::do_frac_digits() const
0201a208 0000002c W std::__cxx11::moneypunct<wchar_t, true>::do_pos_format() const
0201a234 0000002c W std::__cxx11::moneypunct<wchar_t, true>::do_neg_format() const
0201a260 00000006 W std::__cxx11::numpunct<wchar_t>::do_decimal_point() const
0201a268 00000006 W std::__cxx11::numpunct<wchar_t>::do_thousands_sep() const
0201a270 00000004 W std::__cxx11::time_get<wchar_t, std::istreambuf_iterator<wchar_t, std::char_traits<wchar_t> > >::do_date_order() const
0201a274 00000004 W std::__cxx11::messages<wchar_t>::do_open(std::__cxx11::basic_string<char, std::char_traits<char>, std::allocator<char> > const&, std::locale const&) const
0201a278 00000002 W std::__cxx11::messages<wchar_t>::do_close(int) const
0201a27c 0000001a W std::__cxx11::collate<wchar_t>::do_hash(wchar_t const*, wchar_t const*) const
0201a298 00000018 W std::__cxx11::money_get<wchar_t, std::istreambuf_iterator<wchar_t, std::char_traits<wchar_t> > >::~money_get()
0201a298 00000018 W std::__cxx11::money_get<wchar_t, std::istreambuf_iterator<wchar_t, std::char_traits<wchar_t> > >::~money_get()
0201a2b0 00000020 W std::__cxx11::money_get<wchar_t, std::istreambuf_iterator<wchar_t, std::char_traits<wchar_t> > >::~money_get()
0201a2d0 00000018 W std::__cxx11::money_put<wchar_t, std::ostreambuf_iterator<wchar_t, std::char_traits<wchar_t> > >::~money_put()
0201a2d0 00000018 W std::__cxx11::money_put<wchar_t, std::ostreambuf_iterator<wchar_t, std::char_traits<wchar_t> > >::~money_put()
0201a2e8 00000020 W std::__cxx11::money_put<wchar_t, std::ostreambuf_iterator<wchar_t, std::char_traits<wchar_t> > >::~money_put()
0201a308 00000018 W std::__cxx11::time_get<wchar_t, std::istreambuf_iterator<wchar_t, std::char_traits<wchar_t> > >::~time_get()
0201a308 00000018 W std::__cxx11::time_get<wchar_t, std::istreambuf_iterator<wchar_t, std::char_traits<wchar_t> > >::~time_get()
0201a320 00000020 W std::__cxx11::time_get<wchar_t, std::istreambuf_iterator<wchar_t, std::char_traits<wchar_t> > >::~time_get()
0201a340 00000020 W std::__cxx11::messages<wchar_t>::~messages()
0201a340 00000020 W std::__cxx11::messages<wchar_t>::~messages()
0201a360 00000016 W std::__cxx11::messages<wchar_t>::~messages()
0201a378 00000020 W std::__cxx11::collate<wchar_t>::~collate()
0201a378 00000020 W std::__cxx11::collate<wchar_t>::~collate()
0201a398 0000004e t void std::__cxx11::basic_string<wchar_t, std::char_traits<wchar_t>, std::allocator<wchar_t> >::_M_construct<wchar_t const*>(wchar_t const*, wchar_t const*, std::forward_iterator_tag) [clone .isra.0]
0201a3e8 00000028 W std::__cxx11::collate<wchar_t>::~collate()
0201a410 00000070 W std::__cxx11::moneypunct<wchar_t, false>::do_grouping() const
0201a480 00000070 W std::__cxx11::moneypunct<wchar_t, true>::do_grouping() const
0201a4f0 00000070 W std::__cxx11::numpunct<wchar_t>::do_grouping() const
0201a560 00000038 W std::__cxx11::moneypunct<wchar_t, false>::do_curr_symbol() const
0201a598 00000038 W std::__cxx11::moneypunct<wchar_t, false>::do_positive_sign() const
0201a5d0 00000038 W std::__cxx11::moneypunct<wchar_t, false>::do_negative_sign() const
0201a608 00000038 W std::__cxx11::moneypunct<wchar_t, true>::do_curr_symbol() const
0201a640 00000038 W std::__cxx11::moneypunct<wchar_t, true>::do_positive_sign() const
0201a678 00000038 W std::__cxx11::moneypunct<wchar_t, true>::do_negative_sign() const
0201a6b0 00000038 W std::__cxx11::numpunct<wchar_t>::do_truename() const
0201a6e8 00000038 W std::__cxx11::numpunct<wchar_t>::do_falsename() const
0201a720 000000b2 W std::__cxx11::collate<wchar_t>::do_compare(wchar_t const*, wchar_t const*, wchar_t const*, wchar_t const*) const
0201a7d4 00000218 W std::__cxx11::collate<wchar_t>::do_transform(wchar_t const*, wchar_t const*) const
0201a9ec 0000008c W std::__convert_from_v(int* const&, char*, int, char const*, ...)
0201aa78 00000c7c W std::istreambuf_iterator<wchar_t, std::char_traits<wchar_t> > std::__cxx11::money_get<wchar_t, std::istreambuf_iterator<wchar_t, std::char_traits<wchar_t> > >::_M_extract<true>(std::istreambuf_iterator<wchar_t, std::char_traits<wchar_t> >, std::istreambuf_iterator<wchar_t, std::char_traits<wchar_t> >, std::ios_base&, std::_Ios_Iostate&, std::__cxx11::basic_string<char, std::char_traits<char>, std::allocator<char> >&) const
0201b6f4 00000c7c W std::istreambuf_iterator<wchar_t, std::char_traits<wchar_t> > std::__cxx11::money_get<wchar_t, std::istreambuf_iterator<wchar_t, std::char_traits<wchar_t> > >::_M_extract<false>(std::istreambuf_iterator<wchar_t, std::char_traits<wchar_t> >, std::istreambuf_iterator<wchar_t, std::char_traits<wchar_t> >, std::ios_base&, std::_Ios_Iostate&, std::__cxx11::basic_string<char, std::char_traits<char>, std::allocator<char> >&) const
0201c370 0000009e W std::__cxx11::money_get<wchar_t, std::istreambuf_iterator<wchar_t, std::char_traits<wchar_t> > >::do_get(std::istreambuf_iterator<wchar_t, std::char_traits<wchar_t> >, std::istreambuf_iterator<wchar_t, std::char_traits<wchar_t> >, bool, std::ios_base&, std::_Ios_Iostate&, long double&) const
0201c410 000000de W std::__cxx11::money_get<wchar_t, std::istreambuf_iterator<wchar_t, std::char_traits<wchar_t> > >::do_get(std::istreambuf_iterator<wchar_t, std::char_traits<wchar_t> >, std::istreambuf_iterator<wchar_t, std::char_traits<wchar_t> >, bool, std::ios_base&, std::_Ios_Iostate&, std::__cxx11::basic_string<wchar_t, std::char_traits<wchar_t>, std::allocator<wchar_t> >&) const
0201c4f0 000004d0 W std::ostreambuf_iterator<wchar_t, std::char_traits<wchar_t> > std::__cxx11::money_put<wchar_t, std::ostreambuf_iterator<wchar_t, std::char_traits<wchar_t> > >::_M_insert<true>(std::ostreambuf_iterator<wchar_t, std::char_traits<wchar_t> >, std::ios_base&, wchar_t, std::__cxx11::basic_string<wchar_t, std::char_traits<wchar_t>, std::allocator<wchar_t> > const&) const
0201c9c0 000004d0 W std::ostreambuf_iterator<wchar_t, std::char_traits<wchar_t> > std::__cxx11::money_put<wchar_t, std::ostreambuf_iterator<wchar_t, std::char_traits<wchar_t> > >::_M_insert<false>(std::ostreambuf_iterator<wchar_t, std::char_traits<wchar_t> >, std::ios_base&, wchar_t, std::__cxx11::basic_string<wchar_t, std::char_traits<wchar_t>, std::allocator<wchar_t> > const&) const
0201ce90 0000015e W std::__cxx11::money_put<wchar_t, std::ostreambuf_iterator<wchar_t, std::char_traits<wchar_t> > >::do_put(std::ostreambuf_iterator<wchar_t, std::char_traits<wchar_t> >, bool, std::ios_base&, wchar_t, long double) const
0201cff0 00000044 W std::__cxx11::money_put<wchar_t, std::ostreambuf_iterator<wchar_t, std::char_traits<wchar_t> > >::do_put(std::ostreambuf_iterator<wchar_t, std::char_traits<wchar_t> >, bool, std::ios_base&, wchar_t, std::__cxx11::basic_string<wchar_t, std::char_traits<wchar_t>, std::allocator<wchar_t> > const&) const
0201d034 000001ca W std::__cxx11::time_get<wchar_t, std::istreambuf_iterator<wchar_t, std::char_traits<wchar_t> > >::_M_extract_num(std::istreambuf_iterator<wchar_t, std::char_traits<wchar_t> >, std::istreambuf_iterator<wchar_t, std::char_traits<wchar_t> >, int&, int, int, unsigned int, std::ios_base&, std::_Ios_Iostate&) const
0201d200 000003f4 W std::__cxx11::time_get<wchar_t, std::istreambuf_iterator<wchar_t, std::char_traits<wchar_t> > >::do_get_year(std::istreambuf_iterator<wchar_t, std::char_traits<wchar_t> >, std::istreambuf_iterator<wchar_t, std::char_traits<wchar_t> >, std::ios_base&, std::_Ios_Iostate&, tm*) const
0201d5f4 00000882 W std::__cxx11::time_get<wchar_t, std::istreambuf_iterator<wchar_t, std::char_traits<wchar_t> > >::_M_extract_name(std::istreambuf_iterator<wchar_t, std::char_traits<wchar_t> >, std::istreambuf_iterator<wchar_t, std::char_traits<wchar_t> >, int&, wchar_t const**, unsigned int, std::ios_base&, std::_Ios_Iostate&) const
0201de78 00000418 W std::__cxx11::time_get<wchar_t, std::istreambuf_iterator<wchar_t, std::char_traits<wchar_t> > >::_M_extract_wday_or_month(std::istreambuf_iterator<wchar_t, std::char_traits<wchar_t> >, std::istreambuf_iterator<wchar_t, std::char_traits<wchar_t> >, int&, wchar_t const**, unsigned int, std::ios_base&, std::_Ios_Iostate&) const
0201e290 00000192 W std::__cxx11::time_get<wchar_t, std::istreambuf_iterator<wchar_t, std::char_traits<wchar_t> > >::do_get_weekday(std::istreambuf_iterator<wchar_t, std::char_traits<wchar_t> >, std::istreambuf_iterator<wchar_t, std::char_traits<wchar_t> >, std::ios_base&, std::_Ios_Iostate&, tm*) const
0201e424 00000206 W std::__cxx11::time_get<wchar_t, std::istreambuf_iterator<wchar_t, std::char_traits<wchar_t> > >::do_get_monthname(std::istreambuf_iterator<wchar_t, std::char_traits<wchar_t> >, std::istreambuf_iterator<wchar_t, std::char_traits<wchar_t> >, std::ios_base&, std::_Ios_Iostate&, tm*) const
0201e62c 0000002c W std::__cxx11::messages<wchar_t>::messages(unsigned int)
0201e62c 0000002c W std::__cxx11::messages<wchar_t>::messages(unsigned int)
0201e658 00000038 W std::istreambuf_iterator<wchar_t, std::char_traits<wchar_t> >::_M_get() const
0201e690 00001478 W std::__cxx11::time_get<wchar_t, std::istreambuf_iterator<wchar_t, std::char_traits<wchar_t> > >::_M_extract_via_format(std::istreambuf_iterator<wchar_t, std::char_traits<wchar_t> >, std::istreambuf_iterator<wchar_t, std::char_traits<wchar_t> >, std::ios_base&, std::_Ios_Iostate&, tm*, wchar_t const*, std::__time_get_state&) const
0201e690 00001478 t std::__cxx11::time_get<wchar_t, std::istreambuf_iterator<wchar_t, std::char_traits<wchar_t> > >::_M_extract_via_format(std::istreambuf_iterator<wchar_t, std::char_traits<wchar_t> >, std::istreambuf_iterator<wchar_t, std::char_traits<wchar_t> >, std::ios_base&, std::_Ios_Iostate&, tm*, wchar_t const*, std::__time_get_state&) const [clone .localalias]
0201fb08 0000012e W std::__cxx11::time_get<wchar_t, std::istreambuf_iterator<wchar_t, std::char_traits<wchar_t> > >::do_get_time(std::istreambuf_iterator<wchar_t, std::char_traits<wchar_t> >, std::istreambuf_iterator<wchar_t, std::char_traits<wchar_t> >, std::ios_base&, std::_Ios_Iostate&, tm*) const
0201fc38 0000012e W std::__cxx11::time_get<wchar_t, std::istreambuf_iterator<wchar_t, std::char_traits<wchar_t> > >::do_get_date(std::istreambuf_iterator<wchar_t, std::char_traits<wchar_t> >, std::istreambuf_iterator<wchar_t, std::char_traits<wchar_t> >, std::ios_base&, std::_Ios_Iostate&, tm*) const
0201fd68 0000013a W std::__cxx11::time_get<wchar_t, std::istreambuf_iterator<wchar_t, std::char_traits<wchar_t> > >::do_get(std::istreambuf_iterator<wchar_t, std::char_traits<wchar_t> >, std::istreambuf_iterator<wchar_t, std::char_traits<wchar_t> >, std::ios_base&, std::_Ios_Iostate&, tm*, char, char) const
0201fea4 0000001c W __gnu_cxx::stdio_sync_filebuf<char, std::char_traits<char> >::~stdio_sync_filebuf()
0201fea4 0000001c W __gnu_cxx::stdio_sync_filebuf<char, std::char_traits<char> >::~stdio_sync_filebuf()
0201fec0 00000020 W __gnu_cxx::stdio_sync_filebuf<char, std::char_traits<char> >::~stdio_sync_filebuf()
0201fee0 0000001c W __gnu_cxx::stdio_sync_filebuf<wchar_t, std::char_traits<wchar_t> >::~stdio_sync_filebuf()
0201fee0 0000001c W __gnu_cxx::stdio_sync_filebuf<wchar_t, std::char_traits<wchar_t> >::~stdio_sync_filebuf()
0201fefc 00000020 W __gnu_cxx::stdio_sync_filebuf<wchar_t, std::char_traits<wchar_t> >::~stdio_sync_filebuf()
0201ff1c 00000012 W __gnu_cxx::stdio_sync_filebuf<char, std::char_traits<char> >::uflow()
0201ff30 00000016 W __gnu_cxx::stdio_sync_filebuf<char, std::char_traits<char> >::underflow()
0201ff48 00000022 W __gnu_cxx::stdio_sync_filebuf<char, std::char_traits<char> >::pbackfail(int)
0201ff6c 0000000e W __gnu_cxx::stdio_sync_filebuf<char, std::char_traits<char> >::sync()
0201ff7c 0000000e W __gnu_cxx::stdio_sync_filebuf<wchar_t, std::char_traits<wchar_t> >::sync()
0201ff8c 00000048 W __gnu_cxx::stdio_sync_filebuf<char, std::char_traits<char> >::seekoff(long long, std::_Ios_Seekdir, std::_Ios_Openmode)
0201ffd4 00000048 W __gnu_cxx::stdio_sync_filebuf<wchar_t, std::char_traits<wchar_t> >::seekoff(long long, std::_Ios_Seekdir, std::_Ios_Openmode)
0202001c 00000012 W __gnu_cxx::stdio_sync_filebuf<wchar_t, std::char_traits<wchar_t> >::uflow()
02020030 00000044 W __gnu_cxx::stdio_sync_filebuf<wchar_t, std::char_traits<wchar_t> >::xsgetn(wchar_t*, int)
02020074 00000016 W __gnu_cxx::stdio_sync_filebuf<wchar_t, std::char_traits<wchar_t> >::underflow()
0202008c 00000022 W __gnu_cxx::stdio_sync_filebuf<wchar_t, std::char_traits<wchar_t> >::pbackfail(unsigned int)
020200b0 0000002c W __gnu_cxx::stdio_sync_filebuf<wchar_t, std::char_traits<wchar_t> >::xsputn(wchar_t const*, int)
020200dc 00000014 W __gnu_cxx::stdio_sync_filebuf<char, std::char_traits<char> >::xsputn(char const*, int)
020200f0 00000028 W __gnu_cxx::stdio_sync_filebuf<char, std::char_traits<char> >::xsgetn(char*, int)
02020118 00000024 W __gnu_cxx::stdio_sync_filebuf<wchar_t, std::char_traits<wchar_t> >::overflow(unsigned int)
0202013c 00000024 W __gnu_cxx::stdio_sync_filebuf<char, std::char_traits<char> >::overflow(int)
02020160 0000006a W __gnu_cxx::stdio_sync_filebuf<wchar_t, std::char_traits<wchar_t> >::seekpos(std::fpos<_mbstate_t>, std::_Ios_Openmode)
020201cc 0000006a W __gnu_cxx::stdio_sync_filebuf<char, std::char_traits<char> >::seekpos(std::fpos<_mbstate_t>, std::_Ios_Openmode)
02020238 0000002a W std::basic_filebuf<char, std::char_traits<char> >::sync()
02020264 00000032 W std::basic_filebuf<char, std::char_traits<char> >::setbuf(char*, int)
02020298 00000060 W std::basic_filebuf<char, std::char_traits<char> >::showmanyc()
020202f8 000000d4 W std::basic_filebuf<char, std::char_traits<char> >::pbackfail(int)
020203cc 00000308 W std::basic_filebuf<char, std::char_traits<char> >::underflow()
020206d4 000000b4 W std::basic_filebuf<char, std::char_traits<char> >::xsputn(char const*, int)
02020788 00000162 W std::basic_filebuf<char, std::char_traits<char> >::xsgetn(char*, int)
020208ec 00000088 W std::basic_filebuf<char, std::char_traits<char> >::basic_filebuf()
020208ec 00000088 W std::basic_filebuf<char, std::char_traits<char> >::basic_filebuf()
02020974 00000026 W std::basic_filebuf<char, std::char_traits<char> >::_M_allocate_internal_buffer()
0202099c 00000038 W std::basic_filebuf<char, std::char_traits<char> >::_M_destroy_internal_buffer()
020209d4 00000126 W std::basic_filebuf<char, std::char_traits<char> >::_M_convert_to_external(char*, int)
02020afc 0000004e W std::basic_filebuf<char, std::char_traits<char> >::_M_get_ext_pos(_mbstate_t&)
02020b4c 000000c4 W std::basic_filebuf<char, std::char_traits<char> >::_M_terminate_output()
02020c10 0000008a W std::basic_filebuf<char, std::char_traits<char> >::_M_seek(long long, std::_Ios_Seekdir, _mbstate_t)
02020c9c 0000013c W std::basic_filebuf<char, std::char_traits<char> >::overflow(int)
02020dd8 000001c0 W std::basic_filebuf<char, std::char_traits<char> >::seekoff(long long, std::_Ios_Seekdir, std::_Ios_Openmode)
02020f98 00000084 W std::basic_filebuf<char, std::char_traits<char> >::seekpos(std::fpos<_mbstate_t>, std::_Ios_Openmode)
0202101c 00000140 W std::basic_filebuf<char, std::char_traits<char> >::imbue(std::locale const&)
0202115c 00000048 W std::basic_filebuf<char, std::char_traits<char> >::close()::__close_sentry::~__close_sentry()
0202115c 00000048 W std::basic_filebuf<char, std::char_traits<char> >::close()::__close_sentry::~__close_sentry()
020211a4 00000090 W std::basic_filebuf<char, std::char_traits<char> >::close()
02021234 0000003c W std::basic_filebuf<char, std::char_traits<char> >::~basic_filebuf()
02021234 0000003c W std::basic_filebuf<char, std::char_traits<char> >::~basic_filebuf()
02021270 000000a2 W std::basic_filebuf<char, std::char_traits<char> >::open(char const*, std::_Ios_Openmode)
02021314 00000040 W std::basic_filebuf<char, std::char_traits<char> >::~basic_filebuf()
02021354 0000007c W non-virtual thunk to std::basic_fstream<char, std::char_traits<char> >::~basic_fstream()
020213d0 00000078 W std::basic_fstream<char, std::char_traits<char> >::~basic_fstream()
02021448 00000080 W virtual thunk to std::basic_fstream<char, std::char_traits<char> >::~basic_fstream()
020214c8 0000007c W std::basic_fstream<char, std::char_traits<char> >::~basic_fstream()
02021544 00000080 W non-virtual thunk to std::basic_fstream<char, std::char_traits<char> >::~basic_fstream()
020215c4 00000084 W virtual thunk to std::basic_fstream<char, std::char_traits<char> >::~basic_fstream()
02021648 00000004 W std::ctype<char>::do_widen(char) const
0202164c 00000004 W std::ctype<char>::do_narrow(char, char) const
02021650 00000018 W std::basic_ios<char, std::char_traits<char> >::~basic_ios()
02021650 00000018 W std::basic_ios<char, std::char_traits<char> >::~basic_ios()
02021668 00000018 W std::basic_ios<wchar_t, std::char_traits<wchar_t> >::~basic_ios()
02021668 00000018 W std::basic_ios<wchar_t, std::char_traits<wchar_t> >::~basic_ios()
02021680 00000020 W std::basic_ios<char, std::char_traits<char> >::~basic_ios()
020216a0 00000020 W std::basic_ios<wchar_t, std::char_traits<wchar_t> >::~basic_ios()
020216c0 00000028 W std::basic_ios<char, std::char_traits<char> >::clear(std::_Ios_Iostate)
020216e8 00000018 W std::basic_ios<char, std::char_traits<char> >::_M_setstate(std::_Ios_Iostate)
02021700 0000004c W std::basic_ios<char, std::char_traits<char> >::_M_cache_locale(std::locale const&)
0202174c 0000006a W std::basic_ios<char, std::char_traits<char> >::init(std::basic_streambuf<char, std::char_traits<char> >*)
020217b8 00000028 W std::basic_ios<wchar_t, std::char_traits<wchar_t> >::clear(std::_Ios_Iostate)
020217e0 00000018 W std::basic_ios<wchar_t, std::char_traits<wchar_t> >::_M_setstate(std::_Ios_Iostate)
020217f8 00000050 W std::basic_ios<wchar_t, std::char_traits<wchar_t> >::_M_cache_locale(std::locale const&)
02021848 00000048 W std::basic_ios<wchar_t, std::char_traits<wchar_t> >::init(std::basic_streambuf<wchar_t, std::char_traits<wchar_t> >*)
02021890 00000048 T std::ios_base::ios_base()
02021890 00000048 T std::ios_base::ios_base()
020218d8 0000003c T std::ios_base::_M_call_callbacks(std::ios_base::event)
02021914 00000078 T std::ios_base::~ios_base()
02021914 00000078 T std::ios_base::~ios_base()
0202198c 0000007c T std::ios_base::~ios_base()
02021a08 00000028 W std::basic_istream<char, std::char_traits<char> >::~basic_istream()
02021a30 00000030 W virtual thunk to std::basic_istream<char, std::char_traits<char> >::~basic_istream()
02021a60 0000002c W std::basic_istream<char, std::char_traits<char> >::~basic_istream()
02021a8c 00000034 W virtual thunk to std::basic_istream<char, std::char_traits<char> >::~basic_istream()
02021ac0 00000028 W std::basic_istream<wchar_t, std::char_traits<wchar_t> >::~basic_istream()
02021ae8 00000030 W virtual thunk to std::basic_istream<wchar_t, std::char_traits<wchar_t> >::~basic_istream()
02021b18 0000002c W std::basic_istream<wchar_t, std::char_traits<wchar_t> >::~basic_istream()
02021b44 00000034 W virtual thunk to std::basic_istream<wchar_t, std::char_traits<wchar_t> >::~basic_istream()
02021b78 00000148 W std::istream::sentry::sentry(std::istream&, bool)
02021b78 00000148 W std::istream::sentry::sentry(std::istream&, bool)
02021cc0 000000a0 W std::istream::read(char*, int)
02021d60 00000006 W std::moneypunct<char, false>::do_decimal_point() const
02021d68 00000006 W std::moneypunct<char, false>::do_thousands_sep() const
02021d70 00000006 W std::moneypunct<char, false>::do_frac_digits() const
02021d78 0000002c W std::moneypunct<char, false>::do_pos_format() const
02021da4 0000002c W std::moneypunct<char, false>::do_neg_format() const
02021dd0 00000006 W std::moneypunct<char, true>::do_decimal_point() const
02021dd8 00000006 W std::moneypunct<char, true>::do_thousands_sep() const
02021de0 00000006 W std::moneypunct<char, true>::do_frac_digits() const
02021de8 0000002c W std::moneypunct<char, true>::do_pos_format() const
02021e14 0000002c W std::moneypunct<char, true>::do_neg_format() const
02021e40 00000008 W std::numpunct<char>::do_decimal_point() const
02021e48 00000008 W std::numpunct<char>::do_thousands_sep() const
02021e50 00000004 W std::time_get<char, std::istreambuf_iterator<char, std::char_traits<char> > >::do_date_order() const
02021e54 00000004 W std::messages<char>::do_open(std::string const&, std::locale const&) const
02021e58 00000002 W std::messages<char>::do_close(int) const
02021e5c 0000001c W std::collate<char>::do_hash(char const*, char const*) const
02021e78 00000018 W std::num_get<char, std::istreambuf_iterator<char, std::char_traits<char> > >::~num_get()
02021e78 00000018 W std::num_get<char, std::istreambuf_iterator<char, std::char_traits<char> > >::~num_get()
02021e90 00000018 W std::num_put<char, std::ostreambuf_iterator<char, std::char_traits<char> > >::~num_put()
02021e90 00000018 W std::num_put<char, std::ostreambuf_iterator<char, std::char_traits<char> > >::~num_put()
02021ea8 00000018 W std::money_get<char, std::istreambuf_iterator<char, std::char_traits<char> > >::~money_get()
02021ea8 00000018 W std::money_get<char, std::istreambuf_iterator<char, std::char_traits<char> > >::~money_get()
02021ec0 00000018 W std::money_put<char, std::ostreambuf_iterator<char, std::char_traits<char> > >::~money_put()
02021ec0 00000018 W std::money_put<char, std::ostreambuf_iterator<char, std::char_traits<char> > >::~money_put()
02021ed8 00000018 W std::__timepunct_cache<char>::~__timepunct_cache()
02021ed8 00000018 W std::__timepunct_cache<char>::~__timepunct_cache()
02021ef0 00000018 W std::time_put<char, std::ostreambuf_iterator<char, std::char_traits<char> > >::~time_put()
02021ef0 00000018 W std::time_put<char, std::ostreambuf_iterator<char, std::char_traits<char> > >::~time_put()
02021f08 00000018 W std::time_get<char, std::istreambuf_iterator<char, std::char_traits<char> > >::~time_get()
02021f08 00000018 W std::time_get<char, std::istreambuf_iterator<char, std::char_traits<char> > >::~time_get()
02021f20 00000020 W std::num_get<char, std::istreambuf_iterator<char, std::char_traits<char> > >::~num_get()
02021f40 00000020 W std::num_put<char, std::ostreambuf_iterator<char, std::char_traits<char> > >::~num_put()
02021f60 00000020 W std::money_get<char, std::istreambuf_iterator<char, std::char_traits<char> > >::~money_get()
02021f80 00000020 W std::money_put<char, std::ostreambuf_iterator<char, std::char_traits<char> > >::~money_put()
02021fa0 00000016 W std::__timepunct_cache<char>::~__timepunct_cache()
02021fb8 00000020 W std::time_put<char, std::ostreambuf_iterator<char, std::char_traits<char> > >::~time_put()
02021fd8 00000020 W std::time_get<char, std::istreambuf_iterator<char, std::char_traits<char> > >::~time_get()
02021ff8 00000018 W std::ctype<char>::do_widen(char const*, char const*, char*) const
02022010 0000004c W std::__moneypunct_cache<char, false>::~__moneypunct_cache()
02022010 0000004c W std::__moneypunct_cache<char, false>::~__moneypunct_cache()
0202205c 00000016 W std::__moneypunct_cache<char, false>::~__moneypunct_cache()
02022074 0000004c W std::__moneypunct_cache<char, true>::~__moneypunct_cache()
02022074 0000004c W std::__moneypunct_cache<char, true>::~__moneypunct_cache()
020220c0 00000016 W std::__moneypunct_cache<char, true>::~__moneypunct_cache()
020220d8 00000040 W std::__numpunct_cache<char>::~__numpunct_cache()
020220d8 00000040 W std::__numpunct_cache<char>::~__numpunct_cache()
02022118 00000016 W std::__numpunct_cache<char>::~__numpunct_cache()
02022130 00000020 W std::messages<char>::~messages()
02022130 00000020 W std::messages<char>::~messages()
02022150 00000016 W std::messages<char>::~messages()
02022168 00000020 W std::collate<char>::~collate()
02022168 00000020 W std::collate<char>::~collate()
02022188 00000046 W std::__timepunct<char>::~__timepunct()
02022188 00000046 W std::__timepunct<char>::~__timepunct()
020221d0 00000016 W std::__timepunct<char>::~__timepunct()
020221e8 00000020 t std::basic_streambuf<char, std::char_traits<char> >::sbumpc() [clone .isra.0]
02022208 0000002e t std::ctype<char>::widen(char) const [clone .part.0]
02022238 0000005e t std::ctype<char>::widen(char const*, char const*, char*) const [clone .isra.0]
02022298 00000060 t char* std::string::_S_construct<char const*>(char const*, char const*, std::allocator<char> const&, std::forward_iterator_tag) [clone .isra.0]
020222f8 00000048 t std::basic_string<char, std::char_traits<char>, std::allocator<char> >::~basic_string() [clone .isra.0]
02022340 00000028 W std::collate<char>::~collate()
02022368 000000fc W std::time_put<char, std::ostreambuf_iterator<char, std::char_traits<char> > >::do_put(std::ostreambuf_iterator<char, std::char_traits<char> >, std::ios_base&, char, tm const*, char, char) const
02022464 00000080 W std::moneypunct<char, false>::do_grouping() const
020224e4 00000080 W std::moneypunct<char, false>::do_curr_symbol() const
02022564 00000080 W std::moneypunct<char, false>::do_positive_sign() const
020225e4 00000080 W std::moneypunct<char, false>::do_negative_sign() const
02022664 00000080 W std::moneypunct<char, true>::do_grouping() const
020226e4 00000080 W std::moneypunct<char, true>::do_curr_symbol() const
02022764 00000080 W std::moneypunct<char, true>::do_positive_sign() const
020227e4 00000080 W std::moneypunct<char, true>::do_negative_sign() const
02022864 00000080 W std::numpunct<char>::do_grouping() const
020228e4 00000080 W std::numpunct<char>::do_truename() const
02022964 00000080 W std::numpunct<char>::do_falsename() const
020229e4 00000110 W std::collate<char>::do_compare(char const*, char const*, char const*, char const*) const
02022af4 00000240 W std::collate<char>::do_transform(char const*, char const*) const
02022d34 00000046 W std::ctype<char>::narrow(char, char) const
02022d7c 0000047c W std::__moneypunct_cache<char, false>::_M_cache(std::locale const&)
020231f8 0000043c W std::__moneypunct_cache<char, true>::_M_cache(std::locale const&)
02023634 000003fa W std::__numpunct_cache<char>::_M_cache(std::locale const&)
02023a30 00000086 t std::__use_cache<std::__numpunct_cache<char> >::operator()(std::locale const&) const [clone .isra.0]
02023ab8 00000034 W std::__timepunct<char>::__timepunct(std::__timepunct_cache<char>*, unsigned int)
02023ab8 00000034 W std::__timepunct<char>::__timepunct(std::__timepunct_cache<char>*, unsigned int)
02023aec 000001da W std::time_get<char, std::istreambuf_iterator<char, std::char_traits<char> > >::_M_extract_num(std::istreambuf_iterator<char, std::char_traits<char> >, std::istreambuf_iterator<char, std::char_traits<char> >, int&, int, int, unsigned int, std::ios_base&, std::_Ios_Iostate&) const
02023cc8 0000002c W std::messages<char>::messages(unsigned int)
02023cc8 0000002c W std::messages<char>::messages(unsigned int)
02023cf4 00000156 W char* std::__add_grouping<char>(char*, char, char const*, unsigned int, char const*, char const*)
02023e4c 00000062 W std::num_put<char, std::ostreambuf_iterator<char, std::char_traits<char> > >::_M_group_float(char const*, unsigned int, char, char const*, char*, char*, int&) const
02023eb0 0000002c W std::num_put<char, std::ostreambuf_iterator<char, std::char_traits<char> > >::_M_group_int(char const*, unsigned int, char, std::ios_base&, char*, char*, int&) const
02023edc 000003ca W std::ostreambuf_iterator<char, std::char_traits<char> > std::money_put<char, std::ostreambuf_iterator<char, std::char_traits<char> > >::_M_insert<true>(std::ostreambuf_iterator<char, std::char_traits<char> >, std::ios_base&, char, std::string const&) const
020242a8 000003ca W std::ostreambuf_iterator<char, std::char_traits<char> > std::money_put<char, std::ostreambuf_iterator<char, std::char_traits<char> > >::_M_insert<false>(std::ostreambuf_iterator<char, std::char_traits<char> >, std::ios_base&, char, std::string const&) const
02024674 00000206 W std::money_put<char, std::ostreambuf_iterator<char, std::char_traits<char> > >::do_put(std::ostreambuf_iterator<char, std::char_traits<char> >, bool, std::ios_base&, char, long double) const
0202487c 00000046 W std::money_put<char, std::ostreambuf_iterator<char, std::char_traits<char> > >::do_put(std::ostreambuf_iterator<char, std::char_traits<char> >, bool, std::ios_base&, char, std::string const&) const
020248c4 000001ba W std::__pad<char, std::char_traits<char> >::_S_pad(std::ios_base&, char, char*, char const*, int, int)
02024a80 00000022 W std::num_put<char, std::ostreambuf_iterator<char, std::char_traits<char> > >::_M_pad(char, int, std::ios_base&, char*, char const*, int&) const
02024aa4 0000034c W std::ostreambuf_iterator<char, std::char_traits<char> > std::num_put<char, std::ostreambuf_iterator<char, std::char_traits<char> > >::_M_insert_float<double>(std::ostreambuf_iterator<char, std::char_traits<char> >, std::ios_base&, char, char, double) const
02024df0 00000030 W std::num_put<char, std::ostreambuf_iterator<char, std::char_traits<char> > >::do_put(std::ostreambuf_iterator<char, std::char_traits<char> >, std::ios_base&, char, double) const
02024e20 0000034c W std::ostreambuf_iterator<char, std::char_traits<char> > std::num_put<char, std::ostreambuf_iterator<char, std::char_traits<char> > >::_M_insert_float<long double>(std::ostreambuf_iterator<char, std::char_traits<char> >, std::ios_base&, char, char, long double) const
0202516c 00000030 W std::num_put<char, std::ostreambuf_iterator<char, std::char_traits<char> > >::do_put(std::ostreambuf_iterator<char, std::char_traits<char> >, std::ios_base&, char, long double) const
0202519c 00000088 W int std::__int_to_char<char, unsigned long>(char*, unsigned long, char const*, std::_Ios_Fmtflags, bool)
02025224 000001a6 W std::ostreambuf_iterator<char, std::char_traits<char> > std::num_put<char, std::ostreambuf_iterator<char, std::char_traits<char> > >::_M_insert_int<long>(std::ostreambuf_iterator<char, std::char_traits<char> >, std::ios_base&, char, long) const
020253cc 00000028 W std::num_put<char, std::ostreambuf_iterator<char, std::char_traits<char> > >::do_put(std::ostreambuf_iterator<char, std::char_traits<char> >, std::ios_base&, char, long) const
020253f4 00000142 W std::num_put<char, std::ostreambuf_iterator<char, std::char_traits<char> > >::do_put(std::ostreambuf_iterator<char, std::char_traits<char> >, std::ios_base&, char, bool) const
02025538 00000172 W std::ostreambuf_iterator<char, std::char_traits<char> > std::num_put<char, std::ostreambuf_iterator<char, std::char_traits<char> > >::_M_insert_int<unsigned long>(std::ostreambuf_iterator<char, std::char_traits<char> >, std::ios_base&, char, unsigned long) const
020256ac 00000028 W std::num_put<char, std::ostreambuf_iterator<char, std::char_traits<char> > >::do_put(std::ostreambuf_iterator<char, std::char_traits<char> >, std::ios_base&, char, unsigned long) const
020256d4 0000005c W std::num_put<char, std::ostreambuf_iterator<char, std::char_traits<char> > >::do_put(std::ostreambuf_iterator<char, std::char_traits<char> >, std::ios_base&, char, void const*) const
02025730 000000a6 W int std::__int_to_char<char, unsigned long long>(char*, unsigned long long, char const*, std::_Ios_Fmtflags, bool)
020257d8 000001f6 W std::ostreambuf_iterator<char, std::char_traits<char> > std::num_put<char, std::ostreambuf_iterator<char, std::char_traits<char> > >::_M_insert_int<long long>(std::ostreambuf_iterator<char, std::char_traits<char> >, std::ios_base&, char, long long) const
020259d0 0000002c W std::num_put<char, std::ostreambuf_iterator<char, std::char_traits<char> > >::do_put(std::ostreambuf_iterator<char, std::char_traits<char> >, std::ios_base&, char, long long) const
020259fc 00000184 W std::ostreambuf_iterator<char, std::char_traits<char> > std::num_put<char, std::ostreambuf_iterator<char, std::char_traits<char> > >::_M_insert_int<unsigned long long>(std::ostreambuf_iterator<char, std::char_traits<char> >, std::ios_base&, char, unsigned long long) const
02025b80 0000002c W std::num_put<char, std::ostreambuf_iterator<char, std::char_traits<char> > >::do_put(std::ostreambuf_iterator<char, std::char_traits<char> >, std::ios_base&, char, unsigned long long) const
02025bac 00000086 W std::istreambuf_iterator<char, std::char_traits<char> >::equal(std::istreambuf_iterator<char, std::char_traits<char> > const&) const
02025c34 00000038 W std::istreambuf_iterator<char, std::char_traits<char> >::_M_get() const
02025c6c 00000892 W std::num_get<char, std::istreambuf_iterator<char, std::char_traits<char> > >::_M_extract_float(std::istreambuf_iterator<char, std::char_traits<char> >, std::istreambuf_iterator<char, std::char_traits<char> >, std::ios_base&, std::_Ios_Iostate&, std::string&) const
02026500 00000132 W std::num_get<char, std::istreambuf_iterator<char, std::char_traits<char> > >::do_get(std::istreambuf_iterator<char, std::char_traits<char> >, std::istreambuf_iterator<char, std::char_traits<char> >, std::ios_base&, std::_Ios_Iostate&, float&) const
02026634 00000132 W std::num_get<char, std::istreambuf_iterator<char, std::char_traits<char> > >::do_get(std::istreambuf_iterator<char, std::char_traits<char> >, std::istreambuf_iterator<char, std::char_traits<char> >, std::ios_base&, std::_Ios_Iostate&, double&) const
02026768 00000132 W std::num_get<char, std::istreambuf_iterator<char, std::char_traits<char> > >::do_get(std::istreambuf_iterator<char, std::char_traits<char> >, std::istreambuf_iterator<char, std::char_traits<char> >, std::ios_base&, std::_Ios_Iostate&, long double&) const
0202689c 0000069a W std::istreambuf_iterator<char, std::char_traits<char> > std::num_get<char, std::istreambuf_iterator<char, std::char_traits<char> > >::_M_extract_int<long>(std::istreambuf_iterator<char, std::char_traits<char> >, std::istreambuf_iterator<char, std::char_traits<char> >, std::ios_base&, std::_Ios_Iostate&, long&) const
02026f38 00000312 W std::num_get<char, std::istreambuf_iterator<char, std::char_traits<char> > >::do_get(std::istreambuf_iterator<char, std::char_traits<char> >, std::istreambuf_iterator<char, std::char_traits<char> >, std::ios_base&, std::_Ios_Iostate&, bool&) const
0202724c 0000002a W std::num_get<char, std::istreambuf_iterator<char, std::char_traits<char> > >::do_get(std::istreambuf_iterator<char, std::char_traits<char> >, std::istreambuf_iterator<char, std::char_traits<char> >, std::ios_base&, std::_Ios_Iostate&, long&) const
02027278 00000746 W std::istreambuf_iterator<char, std::char_traits<char> > std::num_get<char, std::istreambuf_iterator<char, std::char_traits<char> > >::_M_extract_int<unsigned short>(std::istreambuf_iterator<char, std::char_traits<char> >, std::istreambuf_iterator<char, std::char_traits<char> >, std::ios_base&, std::_Ios_Iostate&, unsigned short&) const
020279c0 0000002a W std::num_get<char, std::istreambuf_iterator<char, std::char_traits<char> > >::do_get(std::istreambuf_iterator<char, std::char_traits<char> >, std::istreambuf_iterator<char, std::char_traits<char> >, std::ios_base&, std::_Ios_Iostate&, unsigned short&) const
020279ec 0000072a W std::istreambuf_iterator<char, std::char_traits<char> > std::num_get<char, std::istreambuf_iterator<char, std::char_traits<char> > >::_M_extract_int<unsigned int>(std::istreambuf_iterator<char, std::char_traits<char> >, std::istreambuf_iterator<char, std::char_traits<char> >, std::ios_base&, std::_Ios_Iostate&, unsigned int&) const
02028118 0000002a W std::num_get<char, std::istreambuf_iterator<char, std::char_traits<char> > >::do_get(std::istreambuf_iterator<char, std::char_traits<char> >, std::istreambuf_iterator<char, std::char_traits<char> >, std::ios_base&, std::_Ios_Iostate&, unsigned int&) const
02028144 0000072a W std::istreambuf_iterator<char, std::char_traits<char> > std::num_get<char, std::istreambuf_iterator<char, std::char_traits<char> > >::_M_extract_int<unsigned long>(std::istreambuf_iterator<char, std::char_traits<char> >, std::istreambuf_iterator<char, std::char_traits<char> >, std::ios_base&, std::_Ios_Iostate&, unsigned long&) const
02028870 0000002a W std::num_get<char, std::istreambuf_iterator<char, std::char_traits<char> > >::do_get(std::istreambuf_iterator<char, std::char_traits<char> >, std::istreambuf_iterator<char, std::char_traits<char> >, std::ios_base&, std::_Ios_Iostate&, unsigned long&) const
0202889c 00000072 W std::num_get<char, std::istreambuf_iterator<char, std::char_traits<char> > >::do_get(std::istreambuf_iterator<char, std::char_traits<char> >, std::istreambuf_iterator<char, std::char_traits<char> >, std::ios_base&, std::_Ios_Iostate&, void*&) const
02028910 00000782 W std::istreambuf_iterator<char, std::char_traits<char> > std::num_get<char, std::istreambuf_iterator<char, std::char_traits<char> > >::_M_extract_int<long long>(std::istreambuf_iterator<char, std::char_traits<char> >, std::istreambuf_iterator<char, std::char_traits<char> >, std::ios_base&, std::_Ios_Iostate&, long long&) const
02029094 0000002a W std::num_get<char, std::istreambuf_iterator<char, std::char_traits<char> > >::do_get(std::istreambuf_iterator<char, std::char_traits<char> >, std::istreambuf_iterator<char, std::char_traits<char> >, std::ios_base&, std::_Ios_Iostate&, long long&) const
020290c0 000007a6 W std::istreambuf_iterator<char, std::char_traits<char> > std::num_get<char, std::istreambuf_iterator<char, std::char_traits<char> > >::_M_extract_int<unsigned long long>(std::istreambuf_iterator<char, std::char_traits<char> >, std::istreambuf_iterator<char, std::char_traits<char> >, std::ios_base&, std::_Ios_Iostate&, unsigned long long&) const
02029868 0000002a W std::num_get<char, std::istreambuf_iterator<char, std::char_traits<char> > >::do_get(std::istreambuf_iterator<char, std::char_traits<char> >, std::istreambuf_iterator<char, std::char_traits<char> >, std::ios_base&, std::_Ios_Iostate&, unsigned long long&) const
02029894 000001c6 W std::time_get<char, std::istreambuf_iterator<char, std::char_traits<char> > >::do_get_year(std::istreambuf_iterator<char, std::char_traits<char> >, std::istreambuf_iterator<char, std::char_traits<char> >, std::ios_base&, std::_Ios_Iostate&, tm*) const
02029a5c 00000718 W std::time_get<char, std::istreambuf_iterator<char, std::char_traits<char> > >::_M_extract_name(std::istreambuf_iterator<char, std::char_traits<char> >, std::istreambuf_iterator<char, std::char_traits<char> >, int&, char const**, unsigned int, std::ios_base&, std::_Ios_Iostate&) const
0202a174 000002ca W std::time_get<char, std::istreambuf_iterator<char, std::char_traits<char> > >::_M_extract_wday_or_month(std::istreambuf_iterator<char, std::char_traits<char> >, std::istreambuf_iterator<char, std::char_traits<char> >, int&, char const**, unsigned int, std::ios_base&, std::_Ios_Iostate&) const
0202a440 0000018a W std::time_get<char, std::istreambuf_iterator<char, std::char_traits<char> > >::do_get_weekday(std::istreambuf_iterator<char, std::char_traits<char> >, std::istreambuf_iterator<char, std::char_traits<char> >, std::ios_base&, std::_Ios_Iostate&, tm*) const
0202a5cc 000001fa W std::time_get<char, std::istreambuf_iterator<char, std::char_traits<char> > >::do_get_monthname(std::istreambuf_iterator<char, std::char_traits<char> >, std::istreambuf_iterator<char, std::char_traits<char> >, std::ios_base&, std::_Ios_Iostate&, tm*) const
0202a7c8 00000e0e W std::time_get<char, std::istreambuf_iterator<char, std::char_traits<char> > >::_M_extract_via_format(std::istreambuf_iterator<char, std::char_traits<char> >, std::istreambuf_iterator<char, std::char_traits<char> >, std::ios_base&, std::_Ios_Iostate&, tm*, char const*, std::__time_get_state&) const
0202a7c8 00000e0e t std::time_get<char, std::istreambuf_iterator<char, std::char_traits<char> > >::_M_extract_via_format(std::istreambuf_iterator<char, std::char_traits<char> >, std::istreambuf_iterator<char, std::char_traits<char> >, std::ios_base&, std::_Ios_Iostate&, tm*, char const*, std::__time_get_state&) const [clone .localalias]
0202b5d8 00000122 W std::time_get<char, std::istreambuf_iterator<char, std::char_traits<char> > >::do_get_time(std::istreambuf_iterator<char, std::char_traits<char> >, std::istreambuf_iterator<char, std::char_traits<char> >, std::ios_base&, std::_Ios_Iostate&, tm*) const
0202b6fc 00000122 W std::time_get<char, std::istreambuf_iterator<char, std::char_traits<char> > >::do_get_date(std::istreambuf_iterator<char, std::char_traits<char> >, std::istreambuf_iterator<char, std::char_traits<char> >, std::ios_base&, std::_Ios_Iostate&, tm*) const
0202b820 00000a76 W std::istreambuf_iterator<char, std::char_traits<char> > std::money_get<char, std::istreambuf_iterator<char, std::char_traits<char> > >::_M_extract<true>(std::istreambuf_iterator<char, std::char_traits<char> >, std::istreambuf_iterator<char, std::char_traits<char> >, std::ios_base&, std::_Ios_Iostate&, std::string&) const
0202c298 00000a76 W std::istreambuf_iterator<char, std::char_traits<char> > std::money_get<char, std::istreambuf_iterator<char, std::char_traits<char> > >::_M_extract<false>(std::istreambuf_iterator<char, std::char_traits<char> >, std::istreambuf_iterator<char, std::char_traits<char> >, std::ios_base&, std::_Ios_Iostate&, std::string&) const
0202cd10 000000c0 W std::money_get<char, std::istreambuf_iterator<char, std::char_traits<char> > >::do_get(std::istreambuf_iterator<char, std::char_traits<char> >, std::istreambuf_iterator<char, std::char_traits<char> >, bool, std::ios_base&, std::_Ios_Iostate&, long double&) const
0202cdd0 0000018a W std::money_get<char, std::istreambuf_iterator<char, std::char_traits<char> > >::do_get(std::istreambuf_iterator<char, std::char_traits<char> >, std::istreambuf_iterator<char, std::char_traits<char> >, bool, std::ios_base&, std::_Ios_Iostate&, std::string&) const
0202cf5c 000007ec T std::locale::_Impl::_Impl(unsigned int)
0202cf5c 000007ec T std::locale::_Impl::_Impl(unsigned int)
0202d748 0000003c T std::locale::_S_initialize_once()
0202d784 000000dc T std::locale::locale()
0202d784 000000dc T std::locale::locale()
0202d860 00000024 W std::basic_ostream<char, std::char_traits<char> >::~basic_ostream()
0202d884 00000028 W virtual thunk to std::basic_ostream<char, std::char_traits<char> >::~basic_ostream()
0202d8ac 00000028 W std::basic_ostream<char, std::char_traits<char> >::~basic_ostream()
0202d8d4 00000030 W virtual thunk to std::basic_ostream<char, std::char_traits<char> >::~basic_ostream()
0202d904 00000024 W std::basic_ostream<wchar_t, std::char_traits<wchar_t> >::~basic_ostream()
0202d928 00000028 W virtual thunk to std::basic_ostream<wchar_t, std::char_traits<wchar_t> >::~basic_ostream()
0202d950 00000028 W std::basic_ostream<wchar_t, std::char_traits<wchar_t> >::~basic_ostream()
0202d978 00000030 W virtual thunk to std::basic_ostream<wchar_t, std::char_traits<wchar_t> >::~basic_ostream()
0202d9a8 0000008c W std::ostream::sentry::~sentry()
0202d9a8 0000008c W std::ostream::sentry::~sentry()
0202da34 0000012a W std::ostream::flush()
0202db60 00000050 W std::ostream::sentry::sentry(std::ostream&)
0202db60 00000050 W std::ostream::sentry::sentry(std::ostream&)
0202dbb0 00000124 W std::ostream::write(char const*, int)
0202dcd4 000002f2 W std::basic_ostream<char, std::char_traits<char> >& std::__ostream_insert<char, std::char_traits<char> >(std::basic_ostream<char, std::char_traits<char> >&, char const*, int)
0202dfc8 000001a6 W std::ostream& std::ostream::_M_insert<unsigned long>(unsigned long)
0202e170 0000008c W std::basic_ostream<wchar_t, std::char_traits<wchar_t> >::sentry::~sentry()
0202e170 0000008c W std::basic_ostream<wchar_t, std::char_traits<wchar_t> >::sentry::~sentry()
0202e1fc 0000012a W std::basic_ostream<wchar_t, std::char_traits<wchar_t> >::flush()
0202e328 00000050 W std::basic_ostream<wchar_t, std::char_traits<wchar_t> >::sentry::sentry(std::basic_ostream<wchar_t, std::char_traits<wchar_t> >&)
0202e328 00000050 W std::basic_ostream<wchar_t, std::char_traits<wchar_t> >::sentry::sentry(std::basic_ostream<wchar_t, std::char_traits<wchar_t> >&)
0202e378 0000011e W std::system_error::system_error(std::error_code, char const*)
0202e378 0000011e W std::system_error::system_error(std::error_code, char const*)
0202e498 00000002 W std::basic_streambuf<char, std::char_traits<char> >::imbue(std::locale const&)
0202e49c 00000002 W std::basic_streambuf<char, std::char_traits<char> >::setbuf(char*, int)
0202e4a0 00000012 W std::basic_streambuf<char, std::char_traits<char> >::seekoff(long long, std::_Ios_Seekdir, std::_Ios_Openmode)
0202e4b4 00000016 W std::basic_streambuf<char, std::char_traits<char> >::seekpos(std::fpos<_mbstate_t>, std::_Ios_Openmode)
0202e4cc 00000004 W std::basic_streambuf<char, std::char_traits<char> >::sync()
0202e4d0 00000004 W std::basic_streambuf<char, std::char_traits<char> >::showmanyc()
0202e4d4 00000006 W std::basic_streambuf<char, std::char_traits<char> >::underflow()
0202e4dc 00000006 W std::basic_streambuf<char, std::char_traits<char> >::pbackfail(int)
0202e4e4 00000006 W std::basic_streambuf<char, std::char_traits<char> >::overflow(int)
0202e4ec 00000002 W std::basic_streambuf<wchar_t, std::char_traits<wchar_t> >::imbue(std::locale const&)
0202e4f0 00000002 W std::basic_streambuf<wchar_t, std::char_traits<wchar_t> >::setbuf(wchar_t*, int)
0202e4f4 00000012 W std::basic_streambuf<wchar_t, std::char_traits<wchar_t> >::seekoff(long long, std::_Ios_Seekdir, std::_Ios_Openmode)
0202e508 00000016 W std::basic_streambuf<wchar_t, std::char_traits<wchar_t> >::seekpos(std::fpos<_mbstate_t>, std::_Ios_Openmode)
0202e520 00000004 W std::basic_streambuf<wchar_t, std::char_traits<wchar_t> >::sync()
0202e524 00000004 W std::basic_streambuf<wchar_t, std::char_traits<wchar_t> >::showmanyc()
0202e528 00000006 W std::basic_streambuf<wchar_t, std::char_traits<wchar_t> >::underflow()
0202e530 00000006 W std::basic_streambuf<wchar_t, std::char_traits<wchar_t> >::pbackfail(unsigned int)
0202e538 00000006 W std::basic_streambuf<wchar_t, std::char_traits<wchar_t> >::overflow(unsigned int)
0202e540 0000001c W std::basic_streambuf<char, std::char_traits<char> >::~basic_streambuf()
0202e540 0000001c W std::basic_streambuf<char, std::char_traits<char> >::~basic_streambuf()
0202e55c 0000001c W std::basic_streambuf<wchar_t, std::char_traits<wchar_t> >::~basic_streambuf()
0202e55c 0000001c W std::basic_streambuf<wchar_t, std::char_traits<wchar_t> >::~basic_streambuf()
0202e578 00000020 W std::basic_streambuf<char, std::char_traits<char> >::~basic_streambuf()
0202e598 00000020 W std::basic_streambuf<wchar_t, std::char_traits<wchar_t> >::~basic_streambuf()
0202e5b8 00000076 W std::basic_streambuf<wchar_t, std::char_traits<wchar_t> >::xsputn(wchar_t const*, int)
0202e630 00000072 W std::basic_streambuf<char, std::char_traits<char> >::xsputn(char const*, int)
0202e6a4 0000002e W std::basic_streambuf<wchar_t, std::char_traits<wchar_t> >::uflow()
0202e6d4 00000032 W std::basic_streambuf<char, std::char_traits<char> >::uflow()
0202e708 0000009c W std::basic_streambuf<char, std::char_traits<char> >::xsgetn(char*, int)
0202e7a4 000000a4 W std::basic_streambuf<wchar_t, std::char_traits<wchar_t> >::xsgetn(wchar_t*, int)
0202e848 00000048 W std::__cxx11::basic_string<char, std::char_traits<char>, std::allocator<char> >::_M_create(unsigned int&, unsigned int)
0202e890 00000016 W std::__cxx11::basic_string<char, std::char_traits<char>, std::allocator<char> >::_M_dispose()
0202e8a8 0000004a W std::__cxx11::basic_string<char, std::char_traits<char>, std::allocator<char> >::_M_construct(unsigned int, char)
0202e8f4 000000b8 W std::__cxx11::basic_string<char, std::char_traits<char>, std::allocator<char> >::_M_mutate(unsigned int, unsigned int, char const*, unsigned int)
0202e9ac 00000042 W std::__cxx11::basic_string<char, std::char_traits<char>, std::allocator<char> >::_M_erase(unsigned int, unsigned int)
0202e9f0 00000056 W std::__cxx11::basic_string<char, std::char_traits<char>, std::allocator<char> >::reserve(unsigned int)
0202ea48 000000b4 W std::__cxx11::basic_string<char, std::char_traits<char>, std::allocator<char> >::_M_replace_aux(unsigned int, unsigned int, unsigned int, char)
0202eafc 0000002e W std::__cxx11::basic_string<char, std::char_traits<char>, std::allocator<char> >::resize(unsigned int, char)
0202eb2c 000000c4 W std::__cxx11::basic_string<char, std::char_traits<char>, std::allocator<char> >::_M_replace(unsigned int, unsigned int, char const*, unsigned int)
0202ebf0 0000005c W std::__cxx11::basic_string<char, std::char_traits<char>, std::allocator<char> >::_M_append(char const*, unsigned int)
0202ec4c 0000004c W std::__cxx11::basic_string<char, std::char_traits<char>, std::allocator<char> >::copy(char*, unsigned int, unsigned int) const
0202ec98 000000ee W std::__cxx11::basic_string<char, std::char_traits<char>, std::allocator<char> >::swap(std::__cxx11::basic_string<char, std::char_traits<char>, std::allocator<char> >&)
0202ed88 00000024 W std::__cxx11::basic_string<char, std::char_traits<char>, std::allocator<char> >::find_first_not_of(char, unsigned int) const
0202edac 00000050 W void std::__cxx11::basic_string<char, std::char_traits<char>, std::allocator<char> >::_M_construct<true>(char const*, unsigned int)
0202edfc 00000008 t (anonymous namespace)::generic_error_category::name() const
0202ee04 00000016 t (anonymous namespace)::generic_error_category::equivalent(int, std::error_condition const&) const
0202ee1c 00000002 t (anonymous namespace)::generic_error_category::~generic_error_category()
0202ee1c 00000002 t (anonymous namespace)::generic_error_category::~generic_error_category()
0202ee20 00000006 T std::_V2::error_category::default_error_condition(int) const
0202ee28 00000034 T std::_V2::error_category::equivalent(int, std::error_condition const&) const
0202ee5c 00000016 T std::_V2::error_category::equivalent(std::error_code const&, int) const
0202ee74 000000b0 t (anonymous namespace)::system_error_category::message[abi:cxx11](int) const
0202ee74 000000b0 t (anonymous namespace)::generic_error_category::message[abi:cxx11](int) const
0202ef24 00000010 t (anonymous namespace)::generic_error_category::~generic_error_category()
0202ef34 00000018 T std::system_error::~system_error()
0202ef34 00000018 T std::system_error::~system_error()
0202ef4c 00000020 T std::system_error::~system_error()
0202ef6c 0000003c T std::_V2::error_category::_M_message[abi:cxx11](int) const
0202efa8 00000002 T std::_V2::error_category::~error_category()
0202efa8 00000002 T std::_V2::error_category::~error_category()
0202efac 00000008 T std::_V2::generic_category()
0202efb4 00000006 W std::moneypunct<wchar_t, false>::do_decimal_point() const
0202efbc 00000006 W std::moneypunct<wchar_t, false>::do_thousands_sep() const
0202efc4 00000006 W std::moneypunct<wchar_t, false>::do_frac_digits() const
0202efcc 0000002c W std::moneypunct<wchar_t, false>::do_pos_format() const
0202eff8 0000002c W std::moneypunct<wchar_t, false>::do_neg_format() const
0202f024 00000006 W std::moneypunct<wchar_t, true>::do_decimal_point() const
0202f02c 00000006 W std::moneypunct<wchar_t, true>::do_thousands_sep() const
0202f034 00000006 W std::moneypunct<wchar_t, true>::do_frac_digits() const
0202f03c 0000002c W std::moneypunct<wchar_t, true>::do_pos_format() const
0202f068 0000002c W std::moneypunct<wchar_t, true>::do_neg_format() const
0202f094 00000006 W std::numpunct<wchar_t>::do_decimal_point() const
0202f09c 00000006 W std::numpunct<wchar_t>::do_thousands_sep() const
0202f0a4 00000004 W std::time_get<wchar_t, std::istreambuf_iterator<wchar_t, std::char_traits<wchar_t> > >::do_date_order() const
0202f0a8 00000004 W std::messages<wchar_t>::do_open(std::string const&, std::locale const&) const
0202f0ac 00000002 W std::messages<wchar_t>::do_close(int) const
0202f0b0 0000001a W std::collate<wchar_t>::do_hash(wchar_t const*, wchar_t const*) const
0202f0cc 00000018 W std::num_get<wchar_t, std::istreambuf_iterator<wchar_t, std::char_traits<wchar_t> > >::~num_get()
0202f0cc 00000018 W std::num_get<wchar_t, std::istreambuf_iterator<wchar_t, std::char_traits<wchar_t> > >::~num_get()
0202f0e4 00000018 W std::num_put<wchar_t, std::ostreambuf_iterator<wchar_t, std::char_traits<wchar_t> > >::~num_put()
0202f0e4 00000018 W std::num_put<wchar_t, std::ostreambuf_iterator<wchar_t, std::char_traits<wchar_t> > >::~num_put()
0202f0fc 00000018 W std::money_get<wchar_t, std::istreambuf_iterator<wchar_t, std::char_traits<wchar_t> > >::~money_get()
0202f0fc 00000018 W std::money_get<wchar_t, std::istreambuf_iterator<wchar_t, std::char_traits<wchar_t> > >::~money_get()
0202f114 00000018 W std::money_put<wchar_t, std::ostreambuf_iterator<wchar_t, std::char_traits<wchar_t> > >::~money_put()
0202f114 00000018 W std::money_put<wchar_t, std::ostreambuf_iterator<wchar_t, std::char_traits<wchar_t> > >::~money_put()
0202f12c 00000018 W std::__timepunct_cache<wchar_t>::~__timepunct_cache()
0202f12c 00000018 W std::__timepunct_cache<wchar_t>::~__timepunct_cache()
0202f144 00000018 W std::time_put<wchar_t, std::ostreambuf_iterator<wchar_t, std::char_traits<wchar_t> > >::~time_put()
0202f144 00000018 W std::time_put<wchar_t, std::ostreambuf_iterator<wchar_t, std::char_traits<wchar_t> > >::~time_put()
0202f15c 00000018 W std::time_get<wchar_t, std::istreambuf_iterator<wchar_t, std::char_traits<wchar_t> > >::~time_get()
0202f15c 00000018 W std::time_get<wchar_t, std::istreambuf_iterator<wchar_t, std::char_traits<wchar_t> > >::~time_get()
0202f174 00000020 W std::num_get<wchar_t, std::istreambuf_iterator<wchar_t, std::char_traits<wchar_t> > >::~num_get()
0202f194 00000020 W std::num_put<wchar_t, std::ostreambuf_iterator<wchar_t, std::char_traits<wchar_t> > >::~num_put()
0202f1b4 00000020 W std::money_get<wchar_t, std::istreambuf_iterator<wchar_t, std::char_traits<wchar_t> > >::~money_get()
0202f1d4 00000020 W std::money_put<wchar_t, std::ostreambuf_iterator<wchar_t, std::char_traits<wchar_t> > >::~money_put()
0202f1f4 00000016 W std::__timepunct_cache<wchar_t>::~__timepunct_cache()
0202f20c 00000020 W std::time_put<wchar_t, std::ostreambuf_iterator<wchar_t, std::char_traits<wchar_t> > >::~time_put()
0202f22c 00000020 W std::time_get<wchar_t, std::istreambuf_iterator<wchar_t, std::char_traits<wchar_t> > >::~time_get()
0202f24c 0000004c W std::__moneypunct_cache<wchar_t, false>::~__moneypunct_cache()
0202f24c 0000004c W std::__moneypunct_cache<wchar_t, false>::~__moneypunct_cache()
0202f298 00000016 W std::__moneypunct_cache<wchar_t, false>::~__moneypunct_cache()
0202f2b0 0000004c W std::__moneypunct_cache<wchar_t, true>::~__moneypunct_cache()
0202f2b0 0000004c W std::__moneypunct_cache<wchar_t, true>::~__moneypunct_cache()
0202f2fc 00000016 W std::__moneypunct_cache<wchar_t, true>::~__moneypunct_cache()
0202f314 00000044 W std::__numpunct_cache<wchar_t>::~__numpunct_cache()
0202f314 00000044 W std::__numpunct_cache<wchar_t>::~__numpunct_cache()
0202f358 00000016 W std::__numpunct_cache<wchar_t>::~__numpunct_cache()
0202f370 00000020 W std::messages<wchar_t>::~messages()
0202f370 00000020 W std::messages<wchar_t>::~messages()
0202f390 00000016 W std::messages<wchar_t>::~messages()
0202f3a8 00000020 W std::collate<wchar_t>::~collate()
0202f3a8 00000020 W std::collate<wchar_t>::~collate()
0202f3c8 00000046 W std::__timepunct<wchar_t>::~__timepunct()
0202f3c8 00000046 W std::__timepunct<wchar_t>::~__timepunct()
0202f410 00000016 W std::__timepunct<wchar_t>::~__timepunct()
0202f428 00000020 t std::basic_streambuf<wchar_t, std::char_traits<wchar_t> >::sbumpc() [clone .isra.0]
0202f448 00000070 t wchar_t* std::basic_string<wchar_t, std::char_traits<wchar_t>, std::allocator<wchar_t> >::_S_construct<wchar_t const*>(wchar_t const*, wchar_t const*, std::allocator<wchar_t> const&, std::forward_iterator_tag) [clone .isra.0]
0202f4b8 00000028 W std::collate<wchar_t>::~collate()
0202f4e0 00000080 W std::moneypunct<wchar_t, false>::do_grouping() const
0202f560 00000080 W std::moneypunct<wchar_t, true>::do_grouping() const
0202f5e0 00000080 W std::numpunct<wchar_t>::do_grouping() const
0202f660 00000118 W std::collate<wchar_t>::do_compare(wchar_t const*, wchar_t const*, wchar_t const*, wchar_t const*) const
0202f778 000000e6 W std::time_put<wchar_t, std::ostreambuf_iterator<wchar_t, std::char_traits<wchar_t> > >::do_put(std::ostreambuf_iterator<wchar_t, std::char_traits<wchar_t> >, std::ios_base&, wchar_t, tm const*, char, char) const
0202f860 0000008c W std::moneypunct<wchar_t, false>::do_curr_symbol() const
0202f8ec 0000008c W std::moneypunct<wchar_t, false>::do_positive_sign() const
0202f978 0000008c W std::moneypunct<wchar_t, false>::do_negative_sign() const
0202fa04 0000008c W std::moneypunct<wchar_t, true>::do_curr_symbol() const
0202fa90 0000008c W std::moneypunct<wchar_t, true>::do_positive_sign() const
0202fb1c 0000008c W std::moneypunct<wchar_t, true>::do_negative_sign() const
0202fba8 0000008c W std::numpunct<wchar_t>::do_truename() const
0202fc34 0000008c W std::numpunct<wchar_t>::do_falsename() const
0202fcc0 00000254 W std::collate<wchar_t>::do_transform(wchar_t const*, wchar_t const*) const
0202ff14 000005a2 W std::__moneypunct_cache<wchar_t, false>::_M_cache(std::locale const&)
020304b8 000005a2 W std::__moneypunct_cache<wchar_t, true>::_M_cache(std::locale const&)
02030a5c 0000039a W std::__numpunct_cache<wchar_t>::_M_cache(std::locale const&)
02030df8 0000008a t std::__use_cache<std::__numpunct_cache<wchar_t> >::operator()(std::locale const&) const [clone .isra.0]
02030e84 00000034 W std::__timepunct<wchar_t>::__timepunct(std::__timepunct_cache<wchar_t>*, unsigned int)
02030e84 00000034 W std::__timepunct<wchar_t>::__timepunct(std::__timepunct_cache<wchar_t>*, unsigned int)
02030eb8 000001ca W std::time_get<wchar_t, std::istreambuf_iterator<wchar_t, std::char_traits<wchar_t> > >::_M_extract_num(std::istreambuf_iterator<wchar_t, std::char_traits<wchar_t> >, std::istreambuf_iterator<wchar_t, std::char_traits<wchar_t> >, int&, int, int, unsigned int, std::ios_base&, std::_Ios_Iostate&) const
02031084 0000002c W std::messages<wchar_t>::messages(unsigned int)
02031084 0000002c W std::messages<wchar_t>::messages(unsigned int)
020310b0 00000130 W wchar_t* std::__add_grouping<wchar_t>(wchar_t*, wchar_t, char const*, unsigned int, wchar_t const*, wchar_t const*)
020311e0 0000006a W std::num_put<wchar_t, std::ostreambuf_iterator<wchar_t, std::char_traits<wchar_t> > >::_M_group_float(char const*, unsigned int, wchar_t, wchar_t const*, wchar_t*, wchar_t*, int&) const
0203124c 00000030 W std::num_put<wchar_t, std::ostreambuf_iterator<wchar_t, std::char_traits<wchar_t> > >::_M_group_int(char const*, unsigned int, wchar_t, std::ios_base&, wchar_t*, wchar_t*, int&) const
0203127c 0000048c W std::ostreambuf_iterator<wchar_t, std::char_traits<wchar_t> > std::money_put<wchar_t, std::ostreambuf_iterator<wchar_t, std::char_traits<wchar_t> > >::_M_insert<true>(std::ostreambuf_iterator<wchar_t, std::char_traits<wchar_t> >, std::ios_base&, wchar_t, std::basic_string<wchar_t, std::char_traits<wchar_t>, std::allocator<wchar_t> > const&) const
02031708 00000414 W std::ostreambuf_iterator<wchar_t, std::char_traits<wchar_t> > std::money_put<wchar_t, std::ostreambuf_iterator<wchar_t, std::char_traits<wchar_t> > >::_M_insert<false>(std::ostreambuf_iterator<wchar_t, std::char_traits<wchar_t> >, std::ios_base&, wchar_t, std::basic_string<wchar_t, std::char_traits<wchar_t>, std::allocator<wchar_t> > const&) const
02031b1c 000001b2 W std::money_put<wchar_t, std::ostreambuf_iterator<wchar_t, std::char_traits<wchar_t> > >::do_put(std::ostreambuf_iterator<wchar_t, std::char_traits<wchar_t> >, bool, std::ios_base&, wchar_t, long double) const
02031cd0 00000044 W std::money_put<wchar_t, std::ostreambuf_iterator<wchar_t, std::char_traits<wchar_t> > >::do_put(std::ostreambuf_iterator<wchar_t, std::char_traits<wchar_t> >, bool, std::ios_base&, wchar_t, std::basic_string<wchar_t, std::char_traits<wchar_t>, std::allocator<wchar_t> > const&) const
02031d14 00000142 W std::__pad<wchar_t, std::char_traits<wchar_t> >::_S_pad(std::ios_base&, wchar_t, wchar_t*, wchar_t const*, int, int)
02031e58 00000022 W std::num_put<wchar_t, std::ostreambuf_iterator<wchar_t, std::char_traits<wchar_t> > >::_M_pad(wchar_t, int, std::ios_base&, wchar_t*, wchar_t const*, int&) const
02031e7c 000002a4 W std::ostreambuf_iterator<wchar_t, std::char_traits<wchar_t> > std::num_put<wchar_t, std::ostreambuf_iterator<wchar_t, std::char_traits<wchar_t> > >::_M_insert_float<double>(std::ostreambuf_iterator<wchar_t, std::char_traits<wchar_t> >, std::ios_base&, wchar_t, char, double) const
02032120 0000002a W std::num_put<wchar_t, std::ostreambuf_iterator<wchar_t, std::char_traits<wchar_t> > >::do_put(std::ostreambuf_iterator<wchar_t, std::char_traits<wchar_t> >, std::ios_base&, wchar_t, double) const
0203214c 000002a4 W std::ostreambuf_iterator<wchar_t, std::char_traits<wchar_t> > std::num_put<wchar_t, std::ostreambuf_iterator<wchar_t, std::char_traits<wchar_t> > >::_M_insert_float<long double>(std::ostreambuf_iterator<wchar_t, std::char_traits<wchar_t> >, std::ios_base&, wchar_t, char, long double) const
020323f0 0000002a W std::num_put<wchar_t, std::ostreambuf_iterator<wchar_t, std::char_traits<wchar_t> > >::do_put(std::ostreambuf_iterator<wchar_t, std::char_traits<wchar_t> >, std::ios_base&, wchar_t, long double) const
0203241c 00000090 W int std::__int_to_char<wchar_t, unsigned long>(wchar_t*, unsigned long, wchar_t const*, std::_Ios_Fmtflags, bool)
020324ac 00000190 W std::ostreambuf_iterator<wchar_t, std::char_traits<wchar_t> > std::num_put<wchar_t, std::ostreambuf_iterator<wchar_t, std::char_traits<wchar_t> > >::_M_insert_int<long>(std::ostreambuf_iterator<wchar_t, std::char_traits<wchar_t> >, std::ios_base&, wchar_t, long) const
0203263c 00000022 W std::num_put<wchar_t, std::ostreambuf_iterator<wchar_t, std::char_traits<wchar_t> > >::do_put(std::ostreambuf_iterator<wchar_t, std::char_traits<wchar_t> >, std::ios_base&, wchar_t, long) const
02032660 0000013e W std::num_put<wchar_t, std::ostreambuf_iterator<wchar_t, std::char_traits<wchar_t> > >::do_put(std::ostreambuf_iterator<wchar_t, std::char_traits<wchar_t> >, std::ios_base&, wchar_t, bool) const
020327a0 00000160 W std::ostreambuf_iterator<wchar_t, std::char_traits<wchar_t> > std::num_put<wchar_t, std::ostreambuf_iterator<wchar_t, std::char_traits<wchar_t> > >::_M_insert_int<unsigned long>(std::ostreambuf_iterator<wchar_t, std::char_traits<wchar_t> >, std::ios_base&, wchar_t, unsigned long) const
02032900 00000022 W std::num_put<wchar_t, std::ostreambuf_iterator<wchar_t, std::char_traits<wchar_t> > >::do_put(std::ostreambuf_iterator<wchar_t, std::char_traits<wchar_t> >, std::ios_base&, wchar_t, unsigned long) const
02032924 00000054 W std::num_put<wchar_t, std::ostreambuf_iterator<wchar_t, std::char_traits<wchar_t> > >::do_put(std::ostreambuf_iterator<wchar_t, std::char_traits<wchar_t> >, std::ios_base&, wchar_t, void const*) const
02032978 000000b0 W int std::__int_to_char<wchar_t, unsigned long long>(wchar_t*, unsigned long long, wchar_t const*, std::_Ios_Fmtflags, bool)
02032a28 000001c2 W std::ostreambuf_iterator<wchar_t, std::char_traits<wchar_t> > std::num_put<wchar_t, std::ostreambuf_iterator<wchar_t, std::char_traits<wchar_t> > >::_M_insert_int<long long>(std::ostreambuf_iterator<wchar_t, std::char_traits<wchar_t> >, std::ios_base&, wchar_t, long long) const
02032bec 00000026 W std::num_put<wchar_t, std::ostreambuf_iterator<wchar_t, std::char_traits<wchar_t> > >::do_put(std::ostreambuf_iterator<wchar_t, std::char_traits<wchar_t> >, std::ios_base&, wchar_t, long long) const
02032c14 0000016c W std::ostreambuf_iterator<wchar_t, std::char_traits<wchar_t> > std::num_put<wchar_t, std::ostreambuf_iterator<wchar_t, std::char_traits<wchar_t> > >::_M_insert_int<unsigned long long>(std::ostreambuf_iterator<wchar_t, std::char_traits<wchar_t> >, std::ios_base&, wchar_t, unsigned long long) const
02032d80 00000026 W std::num_put<wchar_t, std::ostreambuf_iterator<wchar_t, std::char_traits<wchar_t> > >::do_put(std::ostreambuf_iterator<wchar_t, std::char_traits<wchar_t> >, std::ios_base&, wchar_t, unsigned long long) const
02032da8 00000086 W std::istreambuf_iterator<wchar_t, std::char_traits<wchar_t> >::equal(std::istreambuf_iterator<wchar_t, std::char_traits<wchar_t> > const&) const
02032e30 00000962 W std::num_get<wchar_t, std::istreambuf_iterator<wchar_t, std::char_traits<wchar_t> > >::_M_extract_float(std::istreambuf_iterator<wchar_t, std::char_traits<wchar_t> >, std::istreambuf_iterator<wchar_t, std::char_traits<wchar_t> >, std::ios_base&, std::_Ios_Iostate&, std::string&) const
02033794 0000013a W std::num_get<wchar_t, std::istreambuf_iterator<wchar_t, std::char_traits<wchar_t> > >::do_get(std::istreambuf_iterator<wchar_t, std::char_traits<wchar_t> >, std::istreambuf_iterator<wchar_t, std::char_traits<wchar_t> >, std::ios_base&, std::_Ios_Iostate&, float&) const
020338d0 0000013a W std::num_get<wchar_t, std::istreambuf_iterator<wchar_t, std::char_traits<wchar_t> > >::do_get(std::istreambuf_iterator<wchar_t, std::char_traits<wchar_t> >, std::istreambuf_iterator<wchar_t, std::char_traits<wchar_t> >, std::ios_base&, std::_Ios_Iostate&, double&) const
02033a0c 0000013a W std::num_get<wchar_t, std::istreambuf_iterator<wchar_t, std::char_traits<wchar_t> > >::do_get(std::istreambuf_iterator<wchar_t, std::char_traits<wchar_t> >, std::istreambuf_iterator<wchar_t, std::char_traits<wchar_t> >, std::ios_base&, std::_Ios_Iostate&, long double&) const
02033b48 000006e2 W std::istreambuf_iterator<wchar_t, std::char_traits<wchar_t> > std::num_get<wchar_t, std::istreambuf_iterator<wchar_t, std::char_traits<wchar_t> > >::_M_extract_int<long>(std::istreambuf_iterator<wchar_t, std::char_traits<wchar_t> >, std::istreambuf_iterator<wchar_t, std::char_traits<wchar_t> >, std::ios_base&, std::_Ios_Iostate&, long&) const
0203422c 00000318 W std::num_get<wchar_t, std::istreambuf_iterator<wchar_t, std::char_traits<wchar_t> > >::do_get(std::istreambuf_iterator<wchar_t, std::char_traits<wchar_t> >, std::istreambuf_iterator<wchar_t, std::char_traits<wchar_t> >, std::ios_base&, std::_Ios_Iostate&, bool&) const
02034544 0000002a W std::num_get<wchar_t, std::istreambuf_iterator<wchar_t, std::char_traits<wchar_t> > >::do_get(std::istreambuf_iterator<wchar_t, std::char_traits<wchar_t> >, std::istreambuf_iterator<wchar_t, std::char_traits<wchar_t> >, std::ios_base&, std::_Ios_Iostate&, long&) const
02034570 00000732 W std::istreambuf_iterator<wchar_t, std::char_traits<wchar_t> > std::num_get<wchar_t, std::istreambuf_iterator<wchar_t, std::char_traits<wchar_t> > >::_M_extract_int<unsigned short>(std::istreambuf_iterator<wchar_t, std::char_traits<wchar_t> >, std::istreambuf_iterator<wchar_t, std::char_traits<wchar_t> >, std::ios_base&, std::_Ios_Iostate&, unsigned short&) const
02034ca4 0000002a W std::num_get<wchar_t, std::istreambuf_iterator<wchar_t, std::char_traits<wchar_t> > >::do_get(std::istreambuf_iterator<wchar_t, std::char_traits<wchar_t> >, std::istreambuf_iterator<wchar_t, std::char_traits<wchar_t> >, std::ios_base&, std::_Ios_Iostate&, unsigned short&) const
02034cd0 0000070a W std::istreambuf_iterator<wchar_t, std::char_traits<wchar_t> > std::num_get<wchar_t, std::istreambuf_iterator<wchar_t, std::char_traits<wchar_t> > >::_M_extract_int<unsigned int>(std::istreambuf_iterator<wchar_t, std::char_traits<wchar_t> >, std::istreambuf_iterator<wchar_t, std::char_traits<wchar_t> >, std::ios_base&, std::_Ios_Iostate&, unsigned int&) const
020353dc 0000002a W std::num_get<wchar_t, std::istreambuf_iterator<wchar_t, std::char_traits<wchar_t> > >::do_get(std::istreambuf_iterator<wchar_t, std::char_traits<wchar_t> >, std::istreambuf_iterator<wchar_t, std::char_traits<wchar_t> >, std::ios_base&, std::_Ios_Iostate&, unsigned int&) const
02035408 0000070a W std::istreambuf_iterator<wchar_t, std::char_traits<wchar_t> > std::num_get<wchar_t, std::istreambuf_iterator<wchar_t, std::char_traits<wchar_t> > >::_M_extract_int<unsigned long>(std::istreambuf_iterator<wchar_t, std::char_traits<wchar_t> >, std::istreambuf_iterator<wchar_t, std::char_traits<wchar_t> >, std::ios_base&, std::_Ios_Iostate&, unsigned long&) const
02035b14 0000002a W std::num_get<wchar_t, std::istreambuf_iterator<wchar_t, std::char_traits<wchar_t> > >::do_get(std::istreambuf_iterator<wchar_t, std::char_traits<wchar_t> >, std::istreambuf_iterator<wchar_t, std::char_traits<wchar_t> >, std::ios_base&, std::_Ios_Iostate&, unsigned long&) const
02035b40 00000072 W std::num_get<wchar_t, std::istreambuf_iterator<wchar_t, std::char_traits<wchar_t> > >::do_get(std::istreambuf_iterator<wchar_t, std::char_traits<wchar_t> >, std::istreambuf_iterator<wchar_t, std::char_traits<wchar_t> >, std::ios_base&, std::_Ios_Iostate&, void*&) const
02035bb4 0000079e W std::istreambuf_iterator<wchar_t, std::char_traits<wchar_t> > std::num_get<wchar_t, std::istreambuf_iterator<wchar_t, std::char_traits<wchar_t> > >::_M_extract_int<long long>(std::istreambuf_iterator<wchar_t, std::char_traits<wchar_t> >, std::istreambuf_iterator<wchar_t, std::char_traits<wchar_t> >, std::ios_base&, std::_Ios_Iostate&, long long&) const
02036354 0000002a W std::num_get<wchar_t, std::istreambuf_iterator<wchar_t, std::char_traits<wchar_t> > >::do_get(std::istreambuf_iterator<wchar_t, std::char_traits<wchar_t> >, std::istreambuf_iterator<wchar_t, std::char_traits<wchar_t> >, std::ios_base&, std::_Ios_Iostate&, long long&) const
02036380 000007ae W std::istreambuf_iterator<wchar_t, std::char_traits<wchar_t> > std::num_get<wchar_t, std::istreambuf_iterator<wchar_t, std::char_traits<wchar_t> > >::_M_extract_int<unsigned long long>(std::istreambuf_iterator<wchar_t, std::char_traits<wchar_t> >, std::istreambuf_iterator<wchar_t, std::char_traits<wchar_t> >, std::ios_base&, std::_Ios_Iostate&, unsigned long long&) const
02036b30 0000002a W std::num_get<wchar_t, std::istreambuf_iterator<wchar_t, std::char_traits<wchar_t> > >::do_get(std::istreambuf_iterator<wchar_t, std::char_traits<wchar_t> >, std::istreambuf_iterator<wchar_t, std::char_traits<wchar_t> >, std::ios_base&, std::_Ios_Iostate&, unsigned long long&) const
02036b5c 000001d2 W std::time_get<wchar_t, std::istreambuf_iterator<wchar_t, std::char_traits<wchar_t> > >::do_get_year(std::istreambuf_iterator<wchar_t, std::char_traits<wchar_t> >, std::istreambuf_iterator<wchar_t, std::char_traits<wchar_t> >, std::ios_base&, std::_Ios_Iostate&, tm*) const
02036d30 000006f6 W std::time_get<wchar_t, std::istreambuf_iterator<wchar_t, std::char_traits<wchar_t> > >::_M_extract_name(std::istreambuf_iterator<wchar_t, std::char_traits<wchar_t> >, std::istreambuf_iterator<wchar_t, std::char_traits<wchar_t> >, int&, wchar_t const**, unsigned int, std::ios_base&, std::_Ios_Iostate&) const
02037428 000002da W std::time_get<wchar_t, std::istreambuf_iterator<wchar_t, std::char_traits<wchar_t> > >::_M_extract_wday_or_month(std::istreambuf_iterator<wchar_t, std::char_traits<wchar_t> >, std::istreambuf_iterator<wchar_t, std::char_traits<wchar_t> >, int&, wchar_t const**, unsigned int, std::ios_base&, std::_Ios_Iostate&) const
02037704 00000192 W std::time_get<wchar_t, std::istreambuf_iterator<wchar_t, std::char_traits<wchar_t> > >::do_get_weekday(std::istreambuf_iterator<wchar_t, std::char_traits<wchar_t> >, std::istreambuf_iterator<wchar_t, std::char_traits<wchar_t> >, std::ios_base&, std::_Ios_Iostate&, tm*) const
02037898 00000206 W std::time_get<wchar_t, std::istreambuf_iterator<wchar_t, std::char_traits<wchar_t> > >::do_get_monthname(std::istreambuf_iterator<wchar_t, std::char_traits<wchar_t> >, std::istreambuf_iterator<wchar_t, std::char_traits<wchar_t> >, std::ios_base&, std::_Ios_Iostate&, tm*) const
02037aa0 00000d4c W std::time_get<wchar_t, std::istreambuf_iterator<wchar_t, std::char_traits<wchar_t> > >::_M_extract_via_format(std::istreambuf_iterator<wchar_t, std::char_traits<wchar_t> >, std::istreambuf_iterator<wchar_t, std::char_traits<wchar_t> >, std::ios_base&, std::_Ios_Iostate&, tm*, wchar_t const*, std::__time_get_state&) const
02037aa0 00000d4c t std::time_get<wchar_t, std::istreambuf_iterator<wchar_t, std::char_traits<wchar_t> > >::_M_extract_via_format(std::istreambuf_iterator<wchar_t, std::char_traits<wchar_t> >, std::istreambuf_iterator<wchar_t, std::char_traits<wchar_t> >, std::ios_base&, std::_Ios_Iostate&, tm*, wchar_t const*, std::__time_get_state&) const [clone .localalias]
020387ec 0000012e W std::time_get<wchar_t, std::istreambuf_iterator<wchar_t, std::char_traits<wchar_t> > >::do_get_time(std::istreambuf_iterator<wchar_t, std::char_traits<wchar_t> >, std::istreambuf_iterator<wchar_t, std::char_traits<wchar_t> >, std::ios_base&, std::_Ios_Iostate&, tm*) const
0203891c 0000012e W std::time_get<wchar_t, std::istreambuf_iterator<wchar_t, std::char_traits<wchar_t> > >::do_get_date(std::istreambuf_iterator<wchar_t, std::char_traits<wchar_t> >, std::istreambuf_iterator<wchar_t, std::char_traits<wchar_t> >, std::ios_base&, std::_Ios_Iostate&, tm*) const
02038a4c 00000a6e W std::istreambuf_iterator<wchar_t, std::char_traits<wchar_t> > std::money_get<wchar_t, std::istreambuf_iterator<wchar_t, std::char_traits<wchar_t> > >::_M_extract<true>(std::istreambuf_iterator<wchar_t, std::char_traits<wchar_t> >, std::istreambuf_iterator<wchar_t, std::char_traits<wchar_t> >, std::ios_base&, std::_Ios_Iostate&, std::string&) const
020394bc 00000a6e W std::istreambuf_iterator<wchar_t, std::char_traits<wchar_t> > std::money_get<wchar_t, std::istreambuf_iterator<wchar_t, std::char_traits<wchar_t> > >::_M_extract<false>(std::istreambuf_iterator<wchar_t, std::char_traits<wchar_t> >, std::istreambuf_iterator<wchar_t, std::char_traits<wchar_t> >, std::ios_base&, std::_Ios_Iostate&, std::string&) const
02039f2c 000000c0 W std::money_get<wchar_t, std::istreambuf_iterator<wchar_t, std::char_traits<wchar_t> > >::do_get(std::istreambuf_iterator<wchar_t, std::char_traits<wchar_t> >, std::istreambuf_iterator<wchar_t, std::char_traits<wchar_t> >, bool, std::ios_base&, std::_Ios_Iostate&, long double&) const
02039fec 0000012a W std::money_get<wchar_t, std::istreambuf_iterator<wchar_t, std::char_traits<wchar_t> > >::do_get(std::istreambuf_iterator<wchar_t, std::char_traits<wchar_t> >, std::istreambuf_iterator<wchar_t, std::char_traits<wchar_t> >, bool, std::ios_base&, std::_Ios_Iostate&, std::basic_string<wchar_t, std::char_traits<wchar_t>, std::allocator<wchar_t> >&) const
0203a118 00000044 W std::__cxx11::basic_string<wchar_t, std::char_traits<wchar_t>, std::allocator<wchar_t> >::_M_create(unsigned int&, unsigned int)
0203a15c 00000016 W std::__cxx11::basic_string<wchar_t, std::char_traits<wchar_t>, std::allocator<wchar_t> >::_M_dispose()
0203a174 0000004a W std::__cxx11::basic_string<wchar_t, std::char_traits<wchar_t>, std::allocator<wchar_t> >::_M_construct(unsigned int, wchar_t)
0203a1c0 000000c2 W std::__cxx11::basic_string<wchar_t, std::char_traits<wchar_t>, std::allocator<wchar_t> >::_M_mutate(unsigned int, unsigned int, wchar_t const*, unsigned int)
0203a284 0000005a W std::__cxx11::basic_string<wchar_t, std::char_traits<wchar_t>, std::allocator<wchar_t> >::reserve(unsigned int)
0203a2e0 000000b0 W std::__cxx11::basic_string<wchar_t, std::char_traits<wchar_t>, std::allocator<wchar_t> >::_M_replace_aux(unsigned int, unsigned int, unsigned int, wchar_t)
0203a390 00000030 W std::__cxx11::basic_string<wchar_t, std::char_traits<wchar_t>, std::allocator<wchar_t> >::resize(unsigned int, wchar_t)
0203a3c0 000000d8 W std::__cxx11::basic_string<wchar_t, std::char_traits<wchar_t>, std::allocator<wchar_t> >::_M_replace(unsigned int, unsigned int, wchar_t const*, unsigned int)
0203a498 0000005e W std::__cxx11::basic_string<wchar_t, std::char_traits<wchar_t>, std::allocator<wchar_t> >::_M_append(wchar_t const*, unsigned int)
0203a4f8 00000050 W std::__cxx11::basic_string<wchar_t, std::char_traits<wchar_t>, std::allocator<wchar_t> >::copy(wchar_t*, unsigned int, unsigned int) const
0203a548 00000050 W void std::__cxx11::basic_string<wchar_t, std::char_traits<wchar_t>, std::allocator<wchar_t> >::_M_construct<true>(wchar_t const*, unsigned int)
0203a598 00000098 T __gnu_cxx::__exchange_and_add(int volatile*, int)
0203a630 0000000c T __gnu_cxx::__atomic_add(int volatile*, int)
0203a63c 00000008 T std::bad_alloc::what() const
0203a644 00000018 T std::bad_alloc::~bad_alloc()
0203a644 00000018 T std::bad_alloc::~bad_alloc()
0203a65c 00000020 T std::bad_alloc::~bad_alloc()
0203a67c 00000008 T std::bad_array_new_length::what() const
0203a684 00000018 T std::bad_array_new_length::~bad_array_new_length()
0203a684 00000018 T std::bad_array_new_length::~bad_array_new_length()
0203a69c 00000020 T std::bad_array_new_length::~bad_array_new_length()
0203a6bc 00000008 T std::bad_cast::what() const
0203a6c4 00000018 T std::bad_cast::~bad_cast()
0203a6c4 00000018 T std::bad_cast::~bad_cast()
0203a6dc 00000020 T std::bad_cast::~bad_cast()
0203a6fc 0000003c T __cxxabiv1::__class_type_info::__do_upcast(__cxxabiv1::__class_type_info const*, void**) const
0203a738 00000012 T __cxxabiv1::__class_type_info::__do_find_public_src(int, void const*, __cxxabiv1::__class_type_info const*, void const*) const
0203a74c 00000018 T __cxxabiv1::__class_type_info::~__class_type_info()
0203a74c 00000018 T __cxxabiv1::__class_type_info::~__class_type_info()
0203a764 00000020 T __cxxabiv1::__class_type_info::~__class_type_info()
0203a784 0000003c T __cxxabiv1::__class_type_info::__do_upcast(__cxxabiv1::__class_type_info const*, void const*, __cxxabiv1::__class_type_info::__upcast_result&) const
0203a7c0 00000052 T __cxxabiv1::__class_type_info::__do_catch(std::type_info const*, void**, unsigned int) const
0203a814 0000007e T __cxxabiv1::__class_type_info::__do_dyncast(int, __cxxabiv1::__class_type_info::__sub_kind, __cxxabiv1::__class_type_info const*, void const*, __cxxabiv1::__class_type_info const*, void const*, __cxxabiv1::__class_type_info::__dyncast_result&) const
0203a894 0000000c T operator delete(void*)
0203a8a0 0000000c T operator delete[](void*)
0203a8ac 000000f4 T __dynamic_cast
0203a9a0 000000b0 t (anonymous namespace)::pool::free(void*) [clone .constprop.0]
0203aa50 00000088 t (anonymous namespace)::pool::allocate(unsigned int) [clone .constprop.0]
0203aad8 00000030 T __cxa_allocate_exception
0203ab08 00000028 T __cxa_free_exception
0203ab30 T __cxa_end_cleanup
0203ab3c 000000c8 T __cxa_type_match
0203ac04 00000062 T __cxa_begin_cleanup
0203ac68 00000072 T __gnu_end_cleanup
0203acdc 00000078 T __cxa_begin_catch
0203ad54 00000092 T __cxa_end_catch
0203ade8 00000012 T std::uncaught_exception()
0203adfc 00000002 T std::exception::~exception()
0203adfc 00000002 T std::exception::~exception()
0203ae00 00000002 T std::bad_exception::~bad_exception()
0203ae00 00000002 T std::bad_exception::~bad_exception()
0203ae04 00000008 T transaction clone for std::exception::what() const
0203ae04 00000008 T std::exception::what() const
0203ae0c 00000008 T transaction clone for std::bad_exception::what() const
0203ae0c 00000008 T std::bad_exception::what() const
0203ae14 00000012 T std::bad_exception::~bad_exception()
0203ae28 00000026 t eh_globals_dtor(void*)
0203ae50 00000028 T __cxa_get_globals_fast
0203ae78 00000050 T __cxa_get_globals
0203aec8 000000ec t read_encoded_value_with_base(unsigned char, unsigned int, unsigned char const*, unsigned int*)
0203afb4 00000046 t base_of_encoded_value(unsigned char, _Unwind_Context*)
0203affc 00000090 t parse_lsda_header(_Unwind_Context*, unsigned char const*, lsda_header_info*)
0203b08c 000004a2 T __gxx_personality_v0
0203b530 00000014 T __cxxabiv1::__terminate(void (*)())
0203b544 00000040 T std::get_terminate()
0203b584 0000000c T __cxxabiv1::__unexpected(void (*)())
0203b590 00000040 T std::get_unexpected()
0203b5d0 00000056 t __gxx_exception_cleanup(_Unwind_Reason_Code, _Unwind_Control_Block*)
0203b628 00000050 T __cxa_init_primary_exception
0203b678 00000032 T __cxa_throw
0203b6ac 00000070 T __cxa_rethrow
0203b71c 00000008 W __gnu_cxx::__concurrence_broadcast_error::what() const
0203b724 00000008 W __gnu_cxx::__concurrence_wait_error::what() const
0203b72c 00000020 t (anonymous namespace)::init()
0203b74c 00000018 t (anonymous namespace)::init_static_cond()
0203b764 00000018 W __gnu_cxx::__concurrence_wait_error::~__concurrence_wait_error()
0203b764 00000018 W __gnu_cxx::__concurrence_wait_error::~__concurrence_wait_error()
0203b77c 00000020 W __gnu_cxx::__concurrence_wait_error::~__concurrence_wait_error()
0203b79c 00000018 W __gnu_cxx::__concurrence_broadcast_error::~__concurrence_broadcast_error()
0203b79c 00000018 W __gnu_cxx::__concurrence_broadcast_error::~__concurrence_broadcast_error()
0203b7b4 00000020 W __gnu_cxx::__concurrence_broadcast_error::~__concurrence_broadcast_error()
0203b7d4 0000012c T __cxa_guard_acquire
0203b900 00000094 T __cxa_guard_release
0203b994 00000018 T __gnu_cxx::recursive_init_error::~recursive_init_error()
0203b994 00000018 T __gnu_cxx::recursive_init_error::~recursive_init_error()
0203b9ac 00000020 T __gnu_cxx::recursive_init_error::~recursive_init_error()
0203b9cc 0000000c T __gnu_cxx::recursive_init_error::recursive_init_error()
0203b9cc 0000000c T __gnu_cxx::recursive_init_error::recursive_init_error()
0203b9d8 00000040 T std::get_new_handler()
0203ba18 00000018 T operator new[](unsigned int, std::nothrow_t const&)
0203ba30 00000018 T __cxxabiv1::__si_class_type_info::~__si_class_type_info()
0203ba30 00000018 T __cxxabiv1::__si_class_type_info::~__si_class_type_info()
0203ba48 00000020 T __cxxabiv1::__si_class_type_info::~__si_class_type_info()
0203ba68 000000d8 T __cxxabiv1::__si_class_type_info::__do_dyncast(int, __cxxabiv1::__class_type_info::__sub_kind, __cxxabiv1::__class_type_info const*, void const*, __cxxabiv1::__class_type_info const*, void const*, __cxxabiv1::__class_type_info::__dyncast_result&) const
0203bb40 0000005a T __cxxabiv1::__si_class_type_info::__do_find_public_src(int, void const*, __cxxabiv1::__class_type_info const*, void const*) const
0203bb9c 0000002a T __cxxabiv1::__si_class_type_info::__do_upcast(__cxxabiv1::__class_type_info const*, void const*, __cxxabiv1::__class_type_info::__upcast_result&) const
0203bbc8 00000002 T std::type_info::~type_info()
0203bbc8 00000002 T std::type_info::~type_info()
0203bbcc 00000004 T std::type_info::__is_pointer_p() const
0203bbcc 00000004 T std::type_info::__is_function_p() const
0203bbd0 00000018 T __cxxabiv1::__vmi_class_type_info::~__vmi_class_type_info()
0203bbd0 00000018 T __cxxabiv1::__vmi_class_type_info::~__vmi_class_type_info()
0203bbe8 00000020 T __cxxabiv1::__vmi_class_type_info::~__vmi_class_type_info()
0203bc08 000000ba T __cxxabiv1::__vmi_class_type_info::__do_find_public_src(int, void const*, __cxxabiv1::__class_type_info const*, void const*) const
0203bcc4 000004e6 T __cxxabiv1::__vmi_class_type_info::__do_dyncast(int, __cxxabiv1::__class_type_info::__sub_kind, __cxxabiv1::__class_type_info const*, void const*, __cxxabiv1::__class_type_info const*, void const*, __cxxabiv1::__class_type_info::__dyncast_result&) const
0203c1ac 00000184 T __cxxabiv1::__vmi_class_type_info::__do_upcast(__cxxabiv1::__class_type_info const*, void const*, __cxxabiv1::__class_type_info::__upcast_result&) const
0203c330 00000040 t std::(anonymous namespace)::__set_C_locale()
0203c370 00000080 T void std::__convert_to_v<float>(char const*, float&, std::_Ios_Iostate&, int* const&)
0203c3f0 0000009c T void std::__convert_to_v<double>(char const*, double&, std::_Ios_Iostate&, int* const&)
0203c48c 0000009c T void std::__convert_to_v<long double>(char const*, long double&, std::_Ios_Iostate&, int* const&)
0203c528 00000024 T std::locale::facet::_S_create_c_locale(int*&, char const*, int*)
0203c54c 00000006 T std::locale::facet::_S_destroy_c_locale(int*&)
0203c554 0000000e T std::codecvt<char, char, _mbstate_t>::do_in(_mbstate_t&, char const*, char const*, char const*&, char*, char*, char*&) const
0203c554 0000000e T std::codecvt<char, char, _mbstate_t>::do_out(_mbstate_t&, char const*, char const*, char const*&, char*, char*, char*&) const
0203c564 00000008 T std::codecvt<char, char, _mbstate_t>::do_unshift(_mbstate_t&, char*, char*, char*&) const
0203c564 00000008 T std::codecvt<wchar_t, char, _mbstate_t>::do_unshift(_mbstate_t&, char*, char*, char*&) const
0203c56c 00000004 T std::codecvt<char, char, _mbstate_t>::do_encoding() const
0203c56c 00000004 T std::codecvt<char, char, _mbstate_t>::do_max_length() const
0203c570 00000004 T std::codecvt<char, char, _mbstate_t>::do_always_noconv() const
0203c574 0000000c T std::codecvt<char, char, _mbstate_t>::do_length(_mbstate_t&, char const*, char const*, unsigned int) const
0203c580 00000004 T std::codecvt<wchar_t, char, _mbstate_t>::do_always_noconv() const
0203c584 00000038 T std::codecvt<char, char, _mbstate_t>::~codecvt()
0203c584 00000038 T std::codecvt<char, char, _mbstate_t>::~codecvt()
0203c5bc 00000038 T std::codecvt<wchar_t, char, _mbstate_t>::~codecvt()
0203c5bc 00000038 T std::codecvt<wchar_t, char, _mbstate_t>::~codecvt()
0203c5f4 00000044 T std::codecvt<char, char, _mbstate_t>::~codecvt()
0203c638 00000044 T std::codecvt<wchar_t, char, _mbstate_t>::~codecvt()
0203c67c 00000034 T std::codecvt<char, char, _mbstate_t>::codecvt(unsigned int)
0203c67c 00000034 T std::codecvt<char, char, _mbstate_t>::codecvt(unsigned int)
0203c6b0 00000034 T std::codecvt<wchar_t, char, _mbstate_t>::codecvt(unsigned int)
0203c6b0 00000034 T std::codecvt<wchar_t, char, _mbstate_t>::codecvt(unsigned int)
0203c6e4 000000ba T std::codecvt<wchar_t, char, _mbstate_t>::do_out(_mbstate_t&, wchar_t const*, wchar_t const*, wchar_t const*&, char*, char*, char*&) const
0203c7a0 0000007e T std::codecvt<wchar_t, char, _mbstate_t>::do_in(_mbstate_t&, char const*, char const*, char const*&, wchar_t*, wchar_t*, wchar_t*&) const
0203c820 0000001e T std::codecvt<wchar_t, char, _mbstate_t>::do_encoding() const
0203c840 00000018 T std::codecvt<wchar_t, char, _mbstate_t>::do_max_length() const
0203c858 00000066 T std::codecvt<wchar_t, char, _mbstate_t>::do_length(_mbstate_t&, char const*, char const*, unsigned int) const
0203c8c0 00000018 T std::__cxx11::collate<char>::_M_compare(char const*, char const*) const
0203c8d8 00000012 T std::__cxx11::collate<char>::_M_transform(char*, char const*, unsigned int) const
0203c8ec 00000018 T std::__cxx11::collate<wchar_t>::_M_compare(wchar_t const*, wchar_t const*) const
0203c904 00000012 T std::__cxx11::collate<wchar_t>::_M_transform(wchar_t*, wchar_t const*, unsigned int) const
0203c918 00000018 T std::collate<char>::_M_compare(char const*, char const*) const
0203c930 00000012 T std::collate<char>::_M_transform(char*, char const*, unsigned int) const
0203c944 00000018 T std::collate<wchar_t>::_M_compare(wchar_t const*, wchar_t const*) const
0203c95c 00000012 T std::collate<wchar_t>::_M_transform(wchar_t*, wchar_t const*, unsigned int) const
0203c970 00000034 T std::ios_base::_M_init()
0203c9a4 00000088 t std::(anonymous namespace)::day_of_the_week(int, int, int)
0203ca2c 000000a2 T std::__num_base::_S_format_float(std::ios_base const&, char*, char)
0203cad0 0000005e T std::__verify_grouping_impl(char const*, unsigned int, char const*, unsigned int)
0203cb30 00000014 T std::__verify_grouping(char const*, unsigned int, std::string const&)
0203cb44 000003e4 T std::__time_get_state::_M_finalize_state(tm*)
0203cf28 0000005a T std::__cxx11::messages<char>::do_get(int, int, int, std::__cxx11::basic_string<char, std::char_traits<char>, std::allocator<char> > const&) const
0203cf84 00000058 T std::__cxx11::messages<wchar_t>::do_get(int, int, int, std::__cxx11::basic_string<wchar_t, std::char_traits<wchar_t>, std::allocator<wchar_t> > const&) const
0203cfdc 00000054 T std::messages<char>::do_get(int, int, int, std::string const&) const
0203d030 00000054 T std::messages<wchar_t>::do_get(int, int, int, std::basic_string<wchar_t, std::char_traits<wchar_t>, std::allocator<wchar_t> > const&) const
0203d084 0000001a T std::__verify_grouping(char const*, unsigned int, std::__cxx11::basic_string<char, std::char_traits<char>, std::allocator<char> > const&)
0203d0a0 000000a4 T std::__cxx11::moneypunct<char, true>::_M_initialize_moneypunct(int*, char const*)
0203d144 000000a4 T std::__cxx11::moneypunct<char, false>::_M_initialize_moneypunct(int*, char const*)
0203d1e8 00000036 T std::__cxx11::moneypunct<char, true>::~moneypunct()
0203d1e8 00000036 T std::__cxx11::moneypunct<char, true>::~moneypunct()
0203d220 00000042 T std::__cxx11::moneypunct<char, true>::~moneypunct()
0203d264 00000036 T std::__cxx11::moneypunct<char, false>::~moneypunct()
0203d264 00000036 T std::__cxx11::moneypunct<char, false>::~moneypunct()
0203d29c 00000042 T std::__cxx11::moneypunct<char, false>::~moneypunct()
0203d2e0 000000a4 T std::__cxx11::moneypunct<wchar_t, true>::_M_initialize_moneypunct(int*, char const*)
0203d384 000000a4 T std::__cxx11::moneypunct<wchar_t, false>::_M_initialize_moneypunct(int*, char const*)
0203d428 00000036 T std::__cxx11::moneypunct<wchar_t, true>::~moneypunct()
0203d428 00000036 T std::__cxx11::moneypunct<wchar_t, true>::~moneypunct()
0203d460 00000042 T std::__cxx11::moneypunct<wchar_t, true>::~moneypunct()
0203d4a4 00000036 T std::__cxx11::moneypunct<wchar_t, false>::~moneypunct()
0203d4a4 00000036 T std::__cxx11::moneypunct<wchar_t, false>::~moneypunct()
0203d4dc 00000042 T std::__cxx11::moneypunct<wchar_t, false>::~moneypunct()
0203d520 000000a4 T std::moneypunct<char, true>::_M_initialize_moneypunct(int*, char const*)
0203d5c4 000000a4 T std::moneypunct<char, false>::_M_initialize_moneypunct(int*, char const*)
0203d668 00000056 T std::moneypunct<char, true>::~moneypunct()
0203d668 00000056 T std::moneypunct<char, true>::~moneypunct()
0203d6c0 00000020 T std::moneypunct<char, true>::~moneypunct()
0203d6e0 00000056 T std::moneypunct<char, false>::~moneypunct()
0203d6e0 00000056 T std::moneypunct<char, false>::~moneypunct()
0203d738 00000020 T std::moneypunct<char, false>::~moneypunct()
0203d758 000000a4 T std::moneypunct<wchar_t, true>::_M_initialize_moneypunct(int*, char const*)
0203d7fc 000000a4 T std::moneypunct<wchar_t, false>::_M_initialize_moneypunct(int*, char const*)
0203d8a0 00000056 T std::moneypunct<wchar_t, true>::~moneypunct()
0203d8a0 00000056 T std::moneypunct<wchar_t, true>::~moneypunct()
0203d8f8 00000020 T std::moneypunct<wchar_t, true>::~moneypunct()
0203d918 00000056 T std::moneypunct<wchar_t, false>::~moneypunct()
0203d918 00000056 T std::moneypunct<wchar_t, false>::~moneypunct()
0203d970 00000020 T std::moneypunct<wchar_t, false>::~moneypunct()
0203d990 000000a8 T std::__cxx11::numpunct<char>::_M_initialize_numpunct(int*)
0203da38 00000036 T std::__cxx11::numpunct<char>::~numpunct()
0203da38 00000036 T std::__cxx11::numpunct<char>::~numpunct()
0203da70 00000042 T std::__cxx11::numpunct<char>::~numpunct()
0203dab4 000000a4 T std::__cxx11::numpunct<wchar_t>::_M_initialize_numpunct(int*)
0203db58 00000036 T std::__cxx11::numpunct<wchar_t>::~numpunct()
0203db58 00000036 T std::__cxx11::numpunct<wchar_t>::~numpunct()
0203db90 00000042 T std::__cxx11::numpunct<wchar_t>::~numpunct()
0203dbd4 000000a8 T std::numpunct<char>::_M_initialize_numpunct(int*)
0203dc7c 00000056 T std::numpunct<char>::~numpunct()
0203dc7c 00000056 T std::numpunct<char>::~numpunct()
0203dcd4 00000020 T std::numpunct<char>::~numpunct()
0203dcf4 000000a4 T std::numpunct<wchar_t>::_M_initialize_numpunct(int*)
0203dd98 00000056 T std::numpunct<wchar_t>::~numpunct()
0203dd98 00000056 T std::numpunct<wchar_t>::~numpunct()
0203ddf0 00000020 T std::numpunct<wchar_t>::~numpunct()
0203de10 00000004 T std::logic_error::what() const
0203de10 00000004 T std::runtime_error::what() const
0203de14 0000005c T std::logic_error::~logic_error()
0203de14 0000005c T std::logic_error::~logic_error()
0203de70 0000005c T std::runtime_error::~runtime_error()
0203de70 0000005c T std::runtime_error::~runtime_error()
0203decc 00000060 T std::runtime_error::~runtime_error()
0203df2c 0000005c T std::length_error::~length_error()
0203df2c 0000005c T std::length_error::~length_error()
0203df88 0000005c T std::out_of_range::~out_of_range()
0203df88 0000005c T std::out_of_range::~out_of_range()
0203dfe4 00000060 T std::logic_error::~logic_error()
0203e044 00000060 T std::length_error::~length_error()
0203e0a4 00000060 T std::out_of_range::~out_of_range()
0203e104 00000078 T std::__timepunct<char>::_M_put(char*, unsigned int, char const*, tm const*) const
0203e17c 00000230 T std::__timepunct<char>::_M_initialize_timepunct(int*)
0203e3ac 00000076 T std::__timepunct<wchar_t>::_M_put(wchar_t*, unsigned int, wchar_t const*, tm const*) const
0203e424 00000230 T std::__timepunct<wchar_t>::_M_initialize_timepunct(int*)
0203e654 00000008 T std::__codecvt_utf8_base<char32_t>::do_unshift(_mbstate_t&, char*, char*, char*&) const
0203e654 00000008 T std::__codecvt_utf8_base<char16_t>::do_unshift(_mbstate_t&, char*, char*, char*&) const
0203e654 00000008 T std::__codecvt_utf8_base<wchar_t>::do_unshift(_mbstate_t&, char*, char*, char*&) const
0203e654 00000008 T std::__codecvt_utf16_base<char32_t>::do_unshift(_mbstate_t&, char*, char*, char*&) const
0203e654 00000008 T std::__codecvt_utf16_base<char16_t>::do_unshift(_mbstate_t&, char*, char*, char*&) const
0203e654 00000008 T std::__codecvt_utf16_base<wchar_t>::do_unshift(_mbstate_t&, char*, char*, char*&) const
0203e654 00000008 T std::__codecvt_utf8_utf16_base<char32_t>::do_unshift(_mbstate_t&, char*, char*, char*&) const
0203e654 00000008 T std::__codecvt_utf8_utf16_base<char16_t>::do_unshift(_mbstate_t&, char*, char*, char*&) const
0203e654 00000008 T std::__codecvt_utf8_utf16_base<wchar_t>::do_unshift(_mbstate_t&, char*, char*, char*&) const
0203e654 00000008 T std::codecvt<char32_t, char, _mbstate_t>::do_unshift(_mbstate_t&, char*, char*, char*&) const
0203e654 00000008 T std::codecvt<char16_t, char, _mbstate_t>::do_unshift(_mbstate_t&, char*, char*, char*&) const
0203e65c 00000004 T std::__codecvt_utf8_base<char32_t>::do_encoding() const
0203e65c 00000004 T std::__codecvt_utf8_base<char16_t>::do_encoding() const
0203e65c 00000004 T std::__codecvt_utf8_base<wchar_t>::do_encoding() const
0203e65c 00000004 T std::__codecvt_utf16_base<char32_t>::do_encoding() const
0203e65c 00000004 T std::__codecvt_utf16_base<char16_t>::do_encoding() const
0203e65c 00000004 T std::__codecvt_utf16_base<wchar_t>::do_encoding() const
0203e65c 00000004 T std::__codecvt_utf8_utf16_base<char32_t>::do_encoding() const
0203e65c 00000004 T std::__codecvt_utf8_utf16_base<char16_t>::do_encoding() const
0203e65c 00000004 T std::__codecvt_utf8_utf16_base<wchar_t>::do_encoding() const
0203e65c 00000004 T std::codecvt<char32_t, char, _mbstate_t>::do_encoding() const
0203e65c 00000004 T std::codecvt<char32_t, char8_t, _mbstate_t>::do_encoding() const
0203e65c 00000004 T std::codecvt<char16_t, char, _mbstate_t>::do_encoding() const
0203e65c 00000004 T std::codecvt<char16_t, char8_t, _mbstate_t>::do_encoding() const
0203e660 00000004 T std::__codecvt_utf8_base<char32_t>::do_always_noconv() const
0203e660 00000004 T std::__codecvt_utf8_base<char16_t>::do_always_noconv() const
0203e660 00000004 T std::__codecvt_utf8_base<wchar_t>::do_always_noconv() const
0203e660 00000004 T std::__codecvt_utf16_base<char32_t>::do_always_noconv() const
0203e660 00000004 T std::__codecvt_utf16_base<char16_t>::do_always_noconv() const
0203e660 00000004 T std::__codecvt_utf16_base<wchar_t>::do_always_noconv() const
0203e660 00000004 T std::__codecvt_utf8_utf16_base<char32_t>::do_always_noconv() const
0203e660 00000004 T std::__codecvt_utf8_utf16_base<char16_t>::do_always_noconv() const
0203e660 00000004 T std::__codecvt_utf8_utf16_base<wchar_t>::do_always_noconv() const
0203e660 00000004 T std::codecvt<char32_t, char, _mbstate_t>::do_always_noconv() const
0203e660 00000004 T std::codecvt<char32_t, char8_t, _mbstate_t>::do_always_noconv() const
0203e660 00000004 T std::codecvt<char16_t, char, _mbstate_t>::do_always_noconv() const
0203e660 00000004 T std::codecvt<char16_t, char8_t, _mbstate_t>::do_always_noconv() const
0203e664 00000004 T std::codecvt<char32_t, char, _mbstate_t>::do_max_length() const
0203e664 00000004 T std::codecvt<char32_t, char8_t, _mbstate_t>::do_max_length() const
0203e664 00000004 T std::codecvt<char16_t, char, _mbstate_t>::do_max_length() const
0203e664 00000004 T std::codecvt<char16_t, char8_t, _mbstate_t>::do_max_length() const
0203e668 00000008 T std::codecvt<char32_t, char8_t, _mbstate_t>::do_unshift(_mbstate_t&, char8_t*, char8_t*, char8_t*&) const
0203e668 00000008 T std::codecvt<char16_t, char8_t, _mbstate_t>::do_unshift(_mbstate_t&, char8_t*, char8_t*, char8_t*&) const
0203e670 000000c2 t bool std::(anonymous namespace)::write_utf8_code_point<char>(std::(anonymous namespace)::range<char, true>&, char32_t)
0203e734 00000128 t char32_t std::(anonymous namespace)::read_utf8_code_point<char>(std::(anonymous namespace)::range<char const, true>&, unsigned long)
0203e85c 000000ce t bool std::(anonymous namespace)::write_utf8_code_point<char8_t>(std::(anonymous namespace)::range<char8_t, true>&, char32_t)
0203e92c 00000124 t char32_t std::(anonymous namespace)::read_utf8_code_point<char8_t>(std::(anonymous namespace)::range<char8_t const, true>&, unsigned long)
0203ea50 00000018 T std::codecvt<char16_t, char, _mbstate_t>::~codecvt()
0203ea50 00000018 T std::codecvt<char16_t, char, _mbstate_t>::~codecvt()
0203ea68 00000018 T std::codecvt<char32_t, char, _mbstate_t>::~codecvt()
0203ea68 00000018 T std::codecvt<char32_t, char, _mbstate_t>::~codecvt()
0203ea80 00000018 T std::codecvt<char16_t, char8_t, _mbstate_t>::~codecvt()
0203ea80 00000018 T std::codecvt<char16_t, char8_t, _mbstate_t>::~codecvt()
0203ea98 00000018 T std::codecvt<char32_t, char8_t, _mbstate_t>::~codecvt()
0203ea98 00000018 T std::codecvt<char32_t, char8_t, _mbstate_t>::~codecvt()
0203eab0 00000020 T std::codecvt<char16_t, char, _mbstate_t>::~codecvt()
0203ead0 00000020 T std::codecvt<char32_t, char, _mbstate_t>::~codecvt()
0203eaf0 00000020 T std::codecvt<char16_t, char8_t, _mbstate_t>::~codecvt()
0203eb10 00000020 T std::codecvt<char32_t, char8_t, _mbstate_t>::~codecvt()
0203eb30 00000048 T std::codecvt<char32_t, char8_t, _mbstate_t>::do_length(_mbstate_t&, char8_t const*, char8_t const*, unsigned int) const
0203eb78 00000054 T std::codecvt<char32_t, char8_t, _mbstate_t>::do_in(_mbstate_t&, char8_t const*, char8_t const*, char8_t const*&, char32_t*, char32_t*, char32_t*&) const
0203ebcc 00000068 T std::codecvt<char32_t, char8_t, _mbstate_t>::do_out(_mbstate_t&, char32_t const*, char32_t const*, char32_t const*&, char8_t*, char8_t*, char8_t*&) const
0203ec34 00000074 T std::codecvt<char16_t, char8_t, _mbstate_t>::do_length(_mbstate_t&, char8_t const*, char8_t const*, unsigned int) const
0203eca8 00000090 T std::codecvt<char16_t, char8_t, _mbstate_t>::do_out(_mbstate_t&, char16_t const*, char16_t const*, char16_t const*&, char8_t*, char8_t*, char8_t*&) const
0203ed38 000000b0 t std::codecvt_base::result std::(anonymous namespace)::utf16_out<char16_t, char>(std::(anonymous namespace)::range<char16_t const, true>&, std::(anonymous namespace)::range<char, true>&, unsigned long, std::codecvt_mode, std::(anonymous namespace)::surrogates)
0203ede8 00000034 T std::codecvt<char16_t, char, _mbstate_t>::do_out(_mbstate_t&, char16_t const*, char16_t const*, char16_t const*&, char*, char*, char*&) const
0203ee1c 000000c4 t std::codecvt_base::result std::(anonymous namespace)::utf16_in<char, char16_t>(std::(anonymous namespace)::range<char const, true>&, std::(anonymous namespace)::range<char16_t, true>&, unsigned long, std::codecvt_mode)
0203eee0 00000034 T std::codecvt<char16_t, char, _mbstate_t>::do_in(_mbstate_t&, char const*, char const*, char const*&, char16_t*, char16_t*, char16_t*&) const
0203ef14 000000a4 T std::codecvt<char16_t, char8_t, _mbstate_t>::do_in(_mbstate_t&, char8_t const*, char8_t const*, char8_t const*&, char16_t*, char16_t*, char16_t*&) const
0203efb8 00000048 T std::codecvt<char32_t, char, _mbstate_t>::do_length(_mbstate_t&, char const*, char const*, unsigned int) const
0203f000 00000054 T std::codecvt<char32_t, char, _mbstate_t>::do_in(_mbstate_t&, char const*, char const*, char const*&, char32_t*, char32_t*, char32_t*&) const
0203f054 00000068 T std::codecvt<char32_t, char, _mbstate_t>::do_out(_mbstate_t&, char32_t const*, char32_t const*, char32_t const*&, char*, char*, char*&) const
0203f0bc 00000074 T std::codecvt<char16_t, char, _mbstate_t>::do_length(_mbstate_t&, char const*, char const*, unsigned int) const
0203f130 000004d2 T std::locale::_Impl::_M_init_extra(std::locale::facet**)
0203f604 0000008c T std::logic_error::logic_error(char const*)
0203f604 0000008c T std::logic_error::logic_error(char const*)
0203f690 00000018 T std::length_error::length_error(char const*)
0203f690 00000018 T std::length_error::length_error(char const*)
0203f6a8 00000018 T std::out_of_range::out_of_range(char const*)
0203f6a8 00000018 T std::out_of_range::out_of_range(char const*)
0203f6c0 0000008c T std::runtime_error::runtime_error(char const*)
0203f6c0 0000008c T std::runtime_error::runtime_error(char const*)
0203f74c 00000074 T std::__cow_string::__cow_string(char const*, unsigned int)
0203f74c 00000074 T std::__cow_string::__cow_string(char const*, unsigned int)
0203f7c0 00000030 T std::ctype<char>::~ctype()
0203f7c0 00000030 T std::ctype<char>::~ctype()
0203f7f0 00000028 T std::ctype<wchar_t>::~ctype()
0203f7f0 00000028 T std::ctype<wchar_t>::~ctype()
0203f818 00000018 W std::ctype<char>::do_narrow(char const*, char const*, char, char*) const
0203f830 00000030 T std::ctype<wchar_t>::~ctype()
0203f860 00000038 T std::ctype<char>::~ctype()
0203f898 00000062 T std::ctype<char>::_M_widen_init() const
0203f8fc 0000003c T std::ctype<wchar_t>::ctype(unsigned int)
0203f8fc 0000003c T std::ctype<wchar_t>::ctype(unsigned int)
0203f938 00000012 T std::ctype<char>::do_toupper(char) const
0203f94c 00000014 T std::ctype<char>::do_tolower(char) const
0203f960 00000064 T std::ctype<char>::ctype(char const*, bool, unsigned int)
0203f960 00000064 T std::ctype<char>::ctype(char const*, bool, unsigned int)
0203f9c4 00000052 T std::ctype<char>::do_toupper(char*, char const*) const
0203fa18 00000052 T std::ctype<char>::do_tolower(char*, char const*) const
0203fa6c 00000044 T std::ctype<wchar_t>::do_is(char, wchar_t) const
0203fab0 000000bc T std::ctype<wchar_t>::_M_convert_to_wmask(char) const
0203fb6c 0000000e T std::ctype<wchar_t>::do_toupper(wchar_t) const
0203fb7c 0000002a T std::ctype<wchar_t>::do_toupper(wchar_t*, wchar_t const*) const
0203fba8 0000000e T std::ctype<wchar_t>::do_tolower(wchar_t) const
0203fbb8 0000002a T std::ctype<wchar_t>::do_tolower(wchar_t*, wchar_t const*) const
0203fbe4 0000007e T std::ctype<wchar_t>::do_is(wchar_t const*, wchar_t const*, char*) const
0203fc64 00000092 T std::ctype<wchar_t>::do_scan_is(char, wchar_t const*, wchar_t const*) const
0203fcf8 0000009a T std::ctype<wchar_t>::do_scan_not(char, wchar_t const*, wchar_t const*) const
0203fd94 00000008 T std::ctype<wchar_t>::do_widen(char) const
0203fd9c 00000022 T std::ctype<wchar_t>::do_widen(char const*, char const*, wchar_t*) const
0203fdc0 0000002c T std::ctype<wchar_t>::do_narrow(wchar_t, char) const
0203fdec 00000086 T std::ctype<wchar_t>::do_narrow(wchar_t const*, wchar_t const*, char, char*) const
0203fe74 00000074 T std::ctype<wchar_t>::_M_initialize_ctype()
0203fee8 0000000c T std::ios_base::failure[abi:cxx11]::what() const
0203fef4 00000018 T std::ios_base::failure[abi:cxx11]::~failure()
0203fef4 00000018 T std::ios_base::failure[abi:cxx11]::~failure()
0203ff0c 00000020 T std::ios_base::failure[abi:cxx11]::~failure()
0203ff2c 00000018 T std::__iosfail_type_info::~__iosfail_type_info()
0203ff2c 00000018 T std::__iosfail_type_info::~__iosfail_type_info()
0203ff44 00000020 T std::__iosfail_type_info::~__iosfail_type_info()
0203ff64 0000002a T std::__iosfail_type_info::__do_upcast(__cxxabiv1::__class_type_info const*, void**) const
0203ff90 00000028 W std::__ios_failure::~__ios_failure()
0203ff90 00000028 W std::__ios_failure::~__ios_failure()
0203ffb8 00000030 W std::__ios_failure::~__ios_failure()
0203ffe8 00000006 W std::__cxx11::moneypunct<char, false>::do_decimal_point() const
0203fff0 00000006 W std::__cxx11::moneypunct<char, false>::do_thousands_sep() const
0203fff8 00000006 W std::__cxx11::moneypunct<char, false>::do_frac_digits() const
02040000 0000002c W std::__cxx11::moneypunct<char, false>::do_pos_format() const
0204002c 0000002c W std::__cxx11::moneypunct<char, false>::do_neg_format() const
02040058 00000006 W std::__cxx11::moneypunct<char, true>::do_decimal_point() const
02040060 00000006 W std::__cxx11::moneypunct<char, true>::do_thousands_sep() const
02040068 00000006 W std::__cxx11::moneypunct<char, true>::do_frac_digits() const
02040070 0000002c W std::__cxx11::moneypunct<char, true>::do_pos_format() const
0204009c 0000002c W std::__cxx11::moneypunct<char, true>::do_neg_format() const
020400c8 00000008 W std::__cxx11::numpunct<char>::do_decimal_point() const
020400d0 00000008 W std::__cxx11::numpunct<char>::do_thousands_sep() const
020400d8 00000004 W std::__cxx11::time_get<char, std::istreambuf_iterator<char, std::char_traits<char> > >::do_date_order() const
020400dc 00000004 W std::__cxx11::messages<char>::do_open(std::__cxx11::basic_string<char, std::char_traits<char>, std::allocator<char> > const&, std::locale const&) const
020400e0 00000002 W std::__cxx11::messages<char>::do_close(int) const
020400e4 0000001c W std::__cxx11::collate<char>::do_hash(char const*, char const*) const
02040100 00000018 W std::__cxx11::money_get<char, std::istreambuf_iterator<char, std::char_traits<char> > >::~money_get()
02040100 00000018 W std::__cxx11::money_get<char, std::istreambuf_iterator<char, std::char_traits<char> > >::~money_get()
02040118 00000020 W std::__cxx11::money_get<char, std::istreambuf_iterator<char, std::char_traits<char> > >::~money_get()
02040138 00000018 W std::__cxx11::money_put<char, std::ostreambuf_iterator<char, std::char_traits<char> > >::~money_put()
02040138 00000018 W std::__cxx11::money_put<char, std::ostreambuf_iterator<char, std::char_traits<char> > >::~money_put()
02040150 00000020 W std::__cxx11::money_put<char, std::ostreambuf_iterator<char, std::char_traits<char> > >::~money_put()
02040170 00000018 W std::__cxx11::time_get<char, std::istreambuf_iterator<char, std::char_traits<char> > >::~time_get()
02040170 00000018 W std::__cxx11::time_get<char, std::istreambuf_iterator<char, std::char_traits<char> > >::~time_get()
02040188 00000020 W std::__cxx11::time_get<char, std::istreambuf_iterator<char, std::char_traits<char> > >::~time_get()
020401a8 00000020 W std::__cxx11::messages<char>::~messages()
020401a8 00000020 W std::__cxx11::messages<char>::~messages()
020401c8 00000016 W std::__cxx11::messages<char>::~messages()
020401e0 00000020 W std::__cxx11::collate<char>::~collate()
020401e0 00000020 W std::__cxx11::collate<char>::~collate()
02040200 0000004e t void std::__cxx11::basic_string<char, std::char_traits<char>, std::allocator<char> >::_M_construct<char const*>(char const*, char const*, std::forward_iterator_tag) [clone .isra.0]
02040250 00000028 W std::__cxx11::collate<char>::~collate()
02040278 00000034 W std::__cxx11::moneypunct<char, false>::do_grouping() const
020402ac 00000034 W std::__cxx11::moneypunct<char, false>::do_curr_symbol() const
020402e0 00000034 W std::__cxx11::moneypunct<char, false>::do_positive_sign() const
02040314 00000034 W std::__cxx11::moneypunct<char, false>::do_negative_sign() const
02040348 00000034 W std::__cxx11::moneypunct<char, true>::do_grouping() const
0204037c 00000034 W std::__cxx11::moneypunct<char, true>::do_curr_symbol() const
020403b0 00000034 W std::__cxx11::moneypunct<char, true>::do_positive_sign() const
020403e4 00000034 W std::__cxx11::moneypunct<char, true>::do_negative_sign() const
02040418 00000034 W std::__cxx11::numpunct<char>::do_grouping() const
0204044c 00000034 W std::__cxx11::numpunct<char>::do_truename() const
02040480 00000034 W std::__cxx11::numpunct<char>::do_falsename() const
020404b4 000000aa W std::__cxx11::collate<char>::do_compare(char const*, char const*, char const*, char const*) const
02040560 000001f4 W std::__cxx11::collate<char>::do_transform(char const*, char const*) const
02040754 00000c78 W std::istreambuf_iterator<char, std::char_traits<char> > std::__cxx11::money_get<char, std::istreambuf_iterator<char, std::char_traits<char> > >::_M_extract<true>(std::istreambuf_iterator<char, std::char_traits<char> >, std::istreambuf_iterator<char, std::char_traits<char> >, std::ios_base&, std::_Ios_Iostate&, std::__cxx11::basic_string<char, std::char_traits<char>, std::allocator<char> >&) const
020413cc 00000c78 W std::istreambuf_iterator<char, std::char_traits<char> > std::__cxx11::money_get<char, std::istreambuf_iterator<char, std::char_traits<char> > >::_M_extract<false>(std::istreambuf_iterator<char, std::char_traits<char> >, std::istreambuf_iterator<char, std::char_traits<char> >, std::ios_base&, std::_Ios_Iostate&, std::__cxx11::basic_string<char, std::char_traits<char>, std::allocator<char> >&) const
02042044 0000009e W std::__cxx11::money_get<char, std::istreambuf_iterator<char, std::char_traits<char> > >::do_get(std::istreambuf_iterator<char, std::char_traits<char> >, std::istreambuf_iterator<char, std::char_traits<char> >, bool, std::ios_base&, std::_Ios_Iostate&, long double&) const
020420e4 0000012e W std::__cxx11::money_get<char, std::istreambuf_iterator<char, std::char_traits<char> > >::do_get(std::istreambuf_iterator<char, std::char_traits<char> >, std::istreambuf_iterator<char, std::char_traits<char> >, bool, std::ios_base&, std::_Ios_Iostate&, std::__cxx11::basic_string<char, std::char_traits<char>, std::allocator<char> >&) const
02042214 000004fa W std::ostreambuf_iterator<char, std::char_traits<char> > std::__cxx11::money_put<char, std::ostreambuf_iterator<char, std::char_traits<char> > >::_M_insert<true>(std::ostreambuf_iterator<char, std::char_traits<char> >, std::ios_base&, char, std::__cxx11::basic_string<char, std::char_traits<char>, std::allocator<char> > const&) const
02042710 000004fa W std::ostreambuf_iterator<char, std::char_traits<char> > std::__cxx11::money_put<char, std::ostreambuf_iterator<char, std::char_traits<char> > >::_M_insert<false>(std::ostreambuf_iterator<char, std::char_traits<char> >, std::ios_base&, char, std::__cxx11::basic_string<char, std::char_traits<char>, std::allocator<char> > const&) const
02042c0c 000001c2 W std::__cxx11::money_put<char, std::ostreambuf_iterator<char, std::char_traits<char> > >::do_put(std::ostreambuf_iterator<char, std::char_traits<char> >, bool, std::ios_base&, char, long double) const
02042dd0 00000046 W std::__cxx11::money_put<char, std::ostreambuf_iterator<char, std::char_traits<char> > >::do_put(std::ostreambuf_iterator<char, std::char_traits<char> >, bool, std::ios_base&, char, std::__cxx11::basic_string<char, std::char_traits<char>, std::allocator<char> > const&) const
02042e18 000001da W std::__cxx11::time_get<char, std::istreambuf_iterator<char, std::char_traits<char> > >::_M_extract_num(std::istreambuf_iterator<char, std::char_traits<char> >, std::istreambuf_iterator<char, std::char_traits<char> >, int&, int, int, unsigned int, std::ios_base&, std::_Ios_Iostate&) const
02042ff4 000005e2 W std::__cxx11::time_get<char, std::istreambuf_iterator<char, std::char_traits<char> > >::do_get_year(std::istreambuf_iterator<char, std::char_traits<char> >, std::istreambuf_iterator<char, std::char_traits<char> >, std::ios_base&, std::_Ios_Iostate&, tm*) const
020435d8 0000086e W std::__cxx11::time_get<char, std::istreambuf_iterator<char, std::char_traits<char> > >::_M_extract_name(std::istreambuf_iterator<char, std::char_traits<char> >, std::istreambuf_iterator<char, std::char_traits<char> >, int&, char const**, unsigned int, std::ios_base&, std::_Ios_Iostate&) const
02043e48 0000045c W std::__cxx11::time_get<char, std::istreambuf_iterator<char, std::char_traits<char> > >::_M_extract_wday_or_month(std::istreambuf_iterator<char, std::char_traits<char> >, std::istreambuf_iterator<char, std::char_traits<char> >, int&, char const**, unsigned int, std::ios_base&, std::_Ios_Iostate&) const
020442a4 0000018a W std::__cxx11::time_get<char, std::istreambuf_iterator<char, std::char_traits<char> > >::do_get_weekday(std::istreambuf_iterator<char, std::char_traits<char> >, std::istreambuf_iterator<char, std::char_traits<char> >, std::ios_base&, std::_Ios_Iostate&, tm*) const
02044430 000001fa W std::__cxx11::time_get<char, std::istreambuf_iterator<char, std::char_traits<char> > >::do_get_monthname(std::istreambuf_iterator<char, std::char_traits<char> >, std::istreambuf_iterator<char, std::char_traits<char> >, std::ios_base&, std::_Ios_Iostate&, tm*) const
0204462c 0000002c W std::__cxx11::messages<char>::messages(unsigned int)
0204462c 0000002c W std::__cxx11::messages<char>::messages(unsigned int)
02044658 00001840 W std::__cxx11::time_get<char, std::istreambuf_iterator<char, std::char_traits<char> > >::_M_extract_via_format(std::istreambuf_iterator<char, std::char_traits<char> >, std::istreambuf_iterator<char, std::char_traits<char> >, std::ios_base&, std::_Ios_Iostate&, tm*, char const*, std::__time_get_state&) const
02044658 00001840 t std::__cxx11::time_get<char, std::istreambuf_iterator<char, std::char_traits<char> > >::_M_extract_via_format(std::istreambuf_iterator<char, std::char_traits<char> >, std::istreambuf_iterator<char, std::char_traits<char> >, std::ios_base&, std::_Ios_Iostate&, tm*, char const*, std::__time_get_state&) const [clone .localalias]
02045e98 00000122 W std::__cxx11::time_get<char, std::istreambuf_iterator<char, std::char_traits<char> > >::do_get_time(std::istreambuf_iterator<char, std::char_traits<char> >, std::istreambuf_iterator<char, std::char_traits<char> >, std::ios_base&, std::_Ios_Iostate&, tm*) const
02045fbc 00000122 W std::__cxx11::time_get<char, std::istreambuf_iterator<char, std::char_traits<char> > >::do_get_date(std::istreambuf_iterator<char, std::char_traits<char> >, std::istreambuf_iterator<char, std::char_traits<char> >, std::ios_base&, std::_Ios_Iostate&, tm*) const
020460e0 00000152 W std::__cxx11::time_get<char, std::istreambuf_iterator<char, std::char_traits<char> > >::do_get(std::istreambuf_iterator<char, std::char_traits<char> >, std::istreambuf_iterator<char, std::char_traits<char> >, std::ios_base&, std::_Ios_Iostate&, tm*, char, char) const
02046234 00000024 T std::runtime_error::runtime_error(std::__cxx11::basic_string<char, std::char_traits<char>, std::allocator<char> > const&)
02046234 00000024 T std::runtime_error::runtime_error(std::__cxx11::basic_string<char, std::char_traits<char>, std::allocator<char> > const&)
02046258 00000008 t (anonymous namespace)::io_error_category::name() const
02046260 00000018 t (anonymous namespace)::io_error_category::~io_error_category()
02046260 00000018 t (anonymous namespace)::io_error_category::~io_error_category()
02046278 00000020 t (anonymous namespace)::io_error_category::~io_error_category()
02046298 00000048 t (anonymous namespace)::io_error_category::message[abi:cxx11](int) const
020462e0 00000008 T std::iostream_category()
020462e8 00000004 T std::ios_base::failure::what() const
020462ec 0000005c T std::ios_base::failure::~failure()
020462ec 0000005c T std::ios_base::failure::~failure()
02046348 00000060 T std::ios_base::failure::~failure()
020463a8 00000074 T std::ios_base::failure::failure(std::string const&)
020463a8 00000074 T std::ios_base::failure::failure(std::string const&)
0204641c 000000c0 T std::__construct_ios_failure(void*, char const*)
020464dc 00000076 T std::__destroy_ios_failure(void*)
02046554 0000002c T std::__is_ios_failure_handler(__cxxabiv1::__class_type_info const*)
02046580 T __aeabi_uidiv
02046580 000000fc T __udivsi3
02046580 t .udivsi3_skip_div0_test
0204667c 00000020 T __aeabi_uidivmod
0204669c T __aeabi_idiv
0204669c 00000130 T __divsi3
020466a4 t .divsi3_skip_div0_test
020467cc 00000020 T __aeabi_idivmod
020467ec 00000002 W __aeabi_idiv0
020467ec 00000002 W __aeabi_ldiv0
020467f0 T __aeabi_drsub
020467f8 00000314 T __aeabi_dsub
020467f8 00000314 T __subdf3
020467fc 00000310 T __adddf3
020467fc 00000310 T __aeabi_dadd
02046b0c 00000024 T __aeabi_ui2d
02046b0c 00000024 T __floatunsidf
02046b30 00000028 T __aeabi_i2d
02046b30 00000028 T __floatsidf
02046b58 00000048 T __aeabi_f2d
02046b58 00000048 T __extendsfdf2
02046ba0 00000074 T __aeabi_ul2d
02046ba0 00000074 T __floatundidf
02046bb4 00000060 T __aeabi_l2d
02046bb4 00000060 T __floatdidf
02046c14 00000098 T __gedf2
02046c14 00000098 T __gtdf2
02046c1c 00000090 T __ledf2
02046c1c 00000090 T __ltdf2
02046c24 00000088 T __cmpdf2
02046c24 00000088 T __eqdf2
02046c24 00000088 T __nedf2
02046cac 00000034 T __aeabi_cdrcmple
02046cc8 00000018 T __aeabi_cdcmpeq
02046cc8 00000018 T __aeabi_cdcmple
02046ce0 00000018 T __aeabi_dcmpeq
02046cf8 00000018 T __aeabi_dcmplt
02046d10 00000018 T __aeabi_dcmple
02046d28 00000018 T __aeabi_dcmpge
02046d40 00000018 T __aeabi_dcmpgt
02046d58 00000074 T __gesf2
02046d58 00000074 T __gtsf2
02046d60 0000006c T __lesf2
02046d60 0000006c T __ltsf2
02046d68 00000064 T __cmpsf2
02046d68 00000064 T __eqsf2
02046d68 00000064 T __nesf2
02046dcc 00000028 T __aeabi_cfrcmple
02046ddc 00000018 T __aeabi_cfcmpeq
02046ddc 00000018 T __aeabi_cfcmple
02046df4 00000018 T __aeabi_fcmpeq
02046e0c 00000018 T __aeabi_fcmplt
02046e24 00000018 T __aeabi_fcmple
02046e3c 00000018 T __aeabi_fcmpge
02046e54 00000018 T __aeabi_fcmpgt
02046e6c T __aeabi_uldivmod
02046ea8 T __sync_synchronize
02046ea8 00000002 T __sync_synchronize_none
02046eac 00000056 T __aeabi_lmul
02046eac 00000056 T __muldi3
02046f04 00000192 T __udivmoddi4
02047098 00000016 t selfrel_offset31
020470b0 00000072 t search_EIT_table
02047124 00000028 t __gnu_unwind_get_pr_addr
0204714c 00000098 t get_eit_entry
020471e4 0000005e t restore_non_core_regs
02047244 0000000c t _Unwind_decode_typeinfo_ptr.constprop.0
02047250 00000002 t _Unwind_DebugHook
02047254 0000003e t unwind_phase2
02047294 000000e0 t unwind_phase2_forced
02047374 00000058 T __gnu_Unwind_RaiseException
020473cc 00000018 T __gnu_Unwind_ForcedUnwind
020473e4 0000004a T __gnu_Unwind_Resume
02047430 00000020 T __gnu_Unwind_Resume_or_Rethrow
02047450 00000002 T _Unwind_Complete
02047454 00000018 T _Unwind_DeleteException
0204746c 00000042 T _Unwind_VRS_Get
020474b0 0000001a t _Unwind_GetGR
020474cc 00000042 T _Unwind_VRS_Set
02047510 0000001a t _Unwind_SetGR
0204752c 00000078 T __gnu_Unwind_Backtrace
020475a4 000002d0 t __gnu_unwind_pr_common
02047874 0000000e T __aeabi_unwind_cpp_pr0
02047884 0000000e W __aeabi_unwind_cpp_pr1
02047894 0000000e W __aeabi_unwind_cpp_pr2
020478a4 000002f8 T _Unwind_VRS_Pop
02047b9c 0000001c T __restore_core_regs
02047b9c 0000001c T restore_core_regs
02047bb8 T __gnu_Unwind_Restore_VFP
02047bc0 T __gnu_Unwind_Save_VFP
02047bc8 T __gnu_Unwind_Restore_VFP_D
02047bd0 T __gnu_Unwind_Save_VFP_D
02047bd8 T __gnu_Unwind_Restore_VFP_D_16_to_31
02047be0 T __gnu_Unwind_Save_VFP_D_16_to_31
02047be8 T __gnu_Unwind_Restore_WMMXD
02047c2c T __gnu_Unwind_Save_WMMXD
02047c70 T __gnu_Unwind_Restore_WMMXC
02047c84 T __gnu_Unwind_Save_WMMXC
02047c98 0000002a T ___Unwind_RaiseException
02047c98 0000002a T _Unwind_RaiseException
02047cc4 0000002a T ___Unwind_Resume
02047cc4 0000002a T _Unwind_Resume
02047cf0 0000002a T ___Unwind_Resume_or_Rethrow
02047cf0 0000002a T _Unwind_Resume_or_Rethrow
02047d1c 0000002a T ___Unwind_ForcedUnwind
02047d1c 0000002a T _Unwind_ForcedUnwind
02047d48 0000002a T ___Unwind_Backtrace
02047d48 0000002a T _Unwind_Backtrace
02047d74 00000032 t next_unwind_byte
02047da8 0000001a t _Unwind_GetGR.constprop.0
02047dc4 0000000c t unwind_UCB_from_context
02047dd0 00000304 T __gnu_unwind_execute
020480d4 0000002a T __gnu_unwind_frame
02048100 0000000e T _Unwind_GetRegionStart
02048110 00000016 T _Unwind_GetLanguageSpecificData
02048128 00000028 T __clzdi2
02048150 00000048 T __clzsi2
02048198 00000070 T strncmp
02048208 000000bc T strchr
020482c4 00000016 T srand
020482dc 00000030 T rand
0204830c 0000001a T getenv
02048328 000000cc T memmove
020483f4 0000000e T wmemmove
02048404 000000c0 t iso_year_adjust
020484c4 00000cc0 t __strftime.isra.0
02049184 00000020 T strftime
020491a4 000002c0 T _strerror_r
02049464 00000018 T strerror
0204947c 000000da T _fclose_r
02049558 00000014 T fclose
0204956c 00000008 T abs
02049574 0000001c T read
02049590 00000004 T _user_strerror
02049594 00000064 t currentlocale
020495f8 00000610 T __loadlocale
02049c08 00000058 T __get_locale_env
02049c60 00000230 T _setlocale_r
02049e90 00000020 T __locale_mb_cur_max
02049eb0 00000018 T setlocale
02049ec8 0000000c T putwc
02049ed4 0000000c T wcsxfrm
02049ee0 00000018 T stat
02049ef8 0000007c T __submore
02049f74 00000140 T _ungetc_r
0204a0b4 00000018 T ungetc
0204a0cc 00000034 t sulp
0204a100 00000f7c T _strtod_l
0204b07c 0000002c T _strtod_r
0204b0a8 00000030 T strtod
0204b0d8 000000dc T strtof
0204b1b4 0000009c T _fwrite_r
0204b250 00000024 T fwrite
0204b274 00000060 T strlen
0204b2d4 000000c0 t iso_year_adjust
0204b394 00000c58 t __strftime.isra.0
0204bfec 00000020 T wcsftime
0204c00c 00000050 T strcat
0204c05c 000000aa t rshift
0204c108 0000060c T __gethex
0204c714 0000003c T strxfrm
0204c750 00000088 T putc
0204c7d8 00000046 T memcmp
0204c820 00000020 t stdio_exit_handler
0204c840 00000040 t cleanup_stdio
0204c880 00000120 t global_stdio_init.part.0
0204c9a0 000000cc T __sfp
0204ca6c 0000003c T __sinit
0204caa8 00000014 T __sfp_lock_acquire
0204cabc 00000014 T __sfp_lock_release
0204cad0 00000150 t _strtoul_l.isra.0
0204cc20 00000020 T _strtoul_r
0204cc40 00000024 T strtoul
0204cc64 0000002c T __ascii_mbtowc
0204cc90 0000024a T __utf8_mbtowc
0204cedc 000000b0 T __sjis_mbtowc
0204cf8c 000000e0 T __eucjp_mbtowc
0204d06c 0000012c T __jis_mbtowc
0204d198 00000052 T __libc_init_array
0204d1ec 0000004c T _fwalk_sglue
0204d238 00000010 T _tzset_unlocked
0204d248 000000a2 T _ungetwc_r
0204d2ec 0000002a T ungetwc
0204d318 0000000e T wmemcpy
0204d328 00000074 T fileno
0204d39c 00000018 T calloc
0204d3b4 00000058 T _vsnprintf_r
0204d40c 00000024 T vsnprintf
0204d430 00000050 T siscanf
0204d480 0000011c T _wctype_r
0204d59c 00000014 T wctype
0204d5b0 0000002e T strrchr
0204d5e0 00000018 T aligned_alloc
0204d5f8 00000008 T labs
0204d600 0000000e T abort
0204d610 00000088 T _puts_r
0204d698 00000014 T puts
0204d6ac 00000008 T __gettzinfo
0204d6b4 000000cc T _calloc_r
0204d780 0000006a T getc
0204d7ec 00000018 T fstat
0204d804 000001f8 t validate_structure
0204d9fc 00000434 T mktime
0204de30 0000004e T strlcpy
0204de80 00000014 T _fseek_r
0204de94 00000022 T fseek
0204deb8 00000014 T __tz_lock
0204decc 00000014 T __tz_unlock
0204dee0 00000550 T _malloc_r
0204e430 00000074 T memchr
0204e4a4 0000004c T strcasecmp
0204e4f0 00000084 T _wcrtomb_r
0204e574 00000088 T wcrtomb
0204e5fc 00000010 T strcpy
0204e60c 000000ac T _malloc_trim_r
0204e6b8 000001d8 T _free_r
0204e890 0000000e T towupper
0204e8a0 00000064 T snprintf
0204e904 00000404 t get_arg
0204ed08 000022d6 T _svfprintf_r
02050fe0 00000026 T printf
02051008 0000025c t _strtol_l.part.0
02051264 00000034 T _strtol_r
02051298 00000038 T strtol
020512d0 00000044 T wcslcpy
02051314 00000020 T rewind
02051334 00000020 T strnlen
02051354 0000000c T strcoll
02051360 00000490 T _tzset_unlocked_r
020517f0 00000026 T malloc
02051818 00000014 T free
0205182c 0000005a T __xpg_strerror_r
02051888 00000056 T wctob
020518e0 00000024 T wcscpy
02051904 00000064 T sniprintf
02051968 00000180 T __sflush_r
02051ae8 0000006e T _fflush_r
02051b58 00000030 T fflush
02051b88 0000000c T __set_ctype
02051b94 00000036 T time
02051bcc 0000005a T btowc
02051c28 00000024 T lseek
02051c4c 00000028 T mbstowcs
02051c74 00000094 T _findenv_r
02051d08 00000010 T _getenv_r
02051d18 00000078 T swprintf
02051d90 0000008c T memset
02051e1c 00000024 T wmemchr
02051e40 00000344 T _realloc_r
02052184 00000228 T localtime_r
020523ac 00000054 T strncasecmp
02052400 00000226 T _fread_r
02052628 00000024 T fread
0205264c 00000014 T __malloc_lock
02052660 00000014 T __malloc_unlock
02052674 000001ac T __tzcalc_limits
02052820 00000224 T strcmp
02052a44 0000000c W __call_exitprocs
02052a50 000001ac T setvbuf
02052bfc 000000b4 T _fopen_r
02052cb0 00000018 T fopen
02052cc8 0000001c T __ascii_wctomb
02052ce4 000000bc T __utf8_wctomb
02052da0 00000070 T __sjis_wctomb
02052e10 00000082 T __eucjp_wctomb
02052e94 0000008c T __jis_wctomb
02052f20 00000018 T wcslen
02052f38 0000003c T __srget_r
02052f74 00000068 T strncpy
02052fdc 00000024 T ftell
02053000 000000b0 T memcpy
020530b0 0000001a T wmemset
020530cc 0000001e T _wcsrtombs_r
020530ec 0000000c T wcscoll
020530f8 00000404 t get_arg
020534fc 0000169e T _svfiprintf_r
02054b9c 00000036 T __match
02054bd4 000001e8 T __hexnan
02054dbc 0000000e T towlower
02054dcc 00000050 T sscanf
02054e1c 0000000c T getwc
02054e28 0000001c T write
02054e44 00000098 T _mbrtowc_r
02054edc 00000094 T mbrtowc
02054f70 00000064 T iswctype
02054fd4 0000000c T nan
02054fe0 00000008 T nanf
02054fe8 00000074 T frexp
0205505c 0000031a T __sfvwrite_r
02055378 0000014c T _wcstoul_l
020554c4 00000038 T wcstoul
020554fc 0000000e T iswalnum
0205550c 00000034 T __sread
02055540 00000004 T __seofread
02055544 0000004c T __swrite
02055590 0000003c T __sseek
020555cc 00000010 T __sclose
020555dc 0000005e T _raise_r
0205563c 00000014 T raise
02055650 000000aa T __fputwc
020556fc 0000005a T fputwc
02055758 00000014 T __env_lock
0205576c 00000014 T __env_unlock
02055780 00000040 T __assert_func
020557c0 00000028 T iswspace_l
020557e8 0000005c T _Balloc
02055844 00000014 T _Bfree
02055858 000000a8 T __multadd
02055900 000000b4 T __s2b
020559b4 0000005e T __hi0bits
02055a14 0000008a T __lo0bits
02055aa0 00000064 T __i2b
02055b04 000001b4 T __multiply
02055cb8 000000d8 T __pow5mult
02055d90 000000f8 T __lshift
02055e88 00000050 T __mcmp
02055ed8 000001a4 T __mdiff
0205607c 00000040 T __ulp
020560bc 000000c8 T __b2d
02056184 000000d4 T __d2b
02056258 00000060 T __ratio
020562b8 00000048 T __copybits
02056300 00000054 T __any_on
02056354 0000005e T __ssprint_r
020563b4 0000000e T iswblank
020563c4 0000000e T iswlower
020563d4 000001b4 T gmtime_r
02056588 00000404 t get_arg
0205698c 000016ce T _vfiprintf_r
0205805c 0000007c t __sbprintf
020580d8 00000026 T fiprintf
02058100 00000118 T _memalign_r
02058218 00000018 T div
02058230 00000098 T __swbuf_r
020582c8 0000011c T _wcsnrtombs_l
020583e4 00000040 T _wcsnrtombs_r
02058424 00000024 T wcscmp
02058448 0000005a T fgetwc
020584a4 0000003e t get_arg
020584e2 0000007e T _sungetc_r
02058560 00000042 T __ssrefill_r
020585a2 00000088 T _sfread_r
0205862c 00001982 T __ssvfiscanf_r
02059fb0 0000000e T iswalpha
02059fc0 00000026 T towctrans
02059fe8 00000414 T _fseeko_r
0205a3fc 00000024 T __sprint_r
0205a420 0000000e T iswspace
0205a430 0000000e T iswdigit
0205a440 000000aa T _mbstowcs_r
0205a4ec 0000001c T _localeconv_r
0205a508 00000404 t get_arg
0205a90c 0000238e T _vfprintf_r
0205cc9c 0000007c t __sbprintf
0205cd18 00000022 T iswalpha_l
0205cd3c 00000018 T realloc
0205cd54 0000015e t quorem
0205ceb4 000010a0 T _dtoa_r
0205df54 0000003a T __swbufw_r
0205df90 00000098 T __sflags
0205e028 0000000e T iswprint
0205e038 0000002e T __libc_fini_array
0205e068 0000000e T iswcntrl
0205e078 0000005c T category
0205e0d4 0000002c T iswxdigit
0205e100 000000b0 T __sccl
0205e1b0 00000022 t lflush
0205e1d4 00000106 T __srefill_r
0205e2dc 000000e0 T __smakebuf_r
0205e3bc 0000005c T __swhatbuf_r
0205e418 00000218 t wcvt
0205e630 000003cc t get_arg.isra.0
0205e9fc 00002028 T _svfwprintf_r
02060a24 000000d4 T __ssputs_r
02060af8 0000000e T iswupper
02060b08 0000000e T iswgraph
02060b18 00000124 T _ftello_r
02060c3c 0000003e t get_arg
02060c7c 00001fc8 T __ssvfscanf_r
02062c44 0000002c T iswlower_l
02062c70 0000001c T iswblank_l
02062c8c 000001c0 t _strtoull_l.isra.0
02062e4c 00000020 T _strtoull_r
02062e6c 00000028 T iswalnum_l
02062e94 0000000e T iswpunct
02062ea4 000000d2 T __swsetup_r
02062f78 00000300 t _strtoll_l.isra.0
02063278 00000020 T _strtoll_r
02063298 00000190 T towctrans_l
02063428 00000044 T sprintf
0206346c 0000005e T __sswprint_r
020634cc 00000014 T iswprint_l
020634e0 00000022 T iswcntrl_l
02063504 0000002c T iswupper_l
02063530 00000024 T iswgraph_l
02063554 000000ae T _mbsnrtowcs_r
02063604 0000001a T iswpunct_l
02063620 00000026 T mbrlen
02063648 00000074 T stpncpy
020636bc 00000014 T _exit
020636d0 0000005a T _fstat_r
0206372c 0000000a T _getpid_r
02063738 00000020 T _gettimeofday_r
02063758 0000006c T __release_handle
020637c4 0000007c T __alloc_handle
02063840 00000034 T __get_handle
02063874 000000ae T _close_r
02063924 00000004 T _isatty_r
02063928 0000000a T _kill_r
02063934 00000062 T _lseek_r
02063998 0000008a T _open_r
02063a24 0000005a T _read_r
02063a80 00000050 W _sbrk_r
02063ad0 00000052 T _stat_r
02063b24 0000005a T _write_r
02063b80 00000012 T __gnu_thumb1_case_uqi
02063b94 00000014 T __gnu_thumb1_case_uhi
02063ba8 00000016 T __gnu_thumb1_case_si
02063bc0 00000290 T __aeabi_dmul
02063bc0 00000290 T __muldf3
02063e50 0000020c T __aeabi_ddiv
02063e50 0000020c T __divdf3
0206405c 00000038 T __aeabi_dcmpun
0206405c 00000038 T __unorddf2
02064094 0000005c T __aeabi_d2iz
02064094 0000005c T __fixdfsi
020640f0 00000054 T __aeabi_d2uiz
020640f0 00000054 T __fixunsdfsi
02064144 000000a0 T __aeabi_d2f
02064144 000000a0 T __truncdfsf2
020641e4 00000038 T __aeabi_fcmpun
020641e4 00000038 T __unordsf2
0206421c T __aeabi_ldivmod
020642f0 0000003c T __aeabi_d2lz
020642f0 0000003c T __fixdfdi
0206432c 00000040 T __aeabi_d2ulz
0206432c 00000040 T __fixunsdfdi
0206436c T _fini
02064378 00000008 t __memcpy_from_arm
02064380 00000008 t ____aeabi_idiv0_from_arm
02064388 00000008 t ____aeabi_ldiv0_from_arm
02064390 00000008 t __free_from_arm
02064398 00000008 t ____libc_lock_release_from_arm
02065c14 00000010 t s_dvmDiscCalicoIface
02065c24 00000010 t s_dvmDiscCacheIface
02065c34 00000014 t fr_to_errno.0
02065c48 00000014 T g_vfatFsDriver
02065c5c 00000080 t _FAT_devoptab
02065cdc 00000080 t ExCvt
02065d5c 0000000d t LfnOfs
02065d74 000000bc t cvt2.0
02065e30 000001f2 t cvt1.1
02066028 00000100 t uc437
02066128 00000080 T dotab_stdnull
0206627c 00000080 t dotab_stdout
020662fc 00000040 t registerNames
0206633c 00000102 T SIN_LUT
02066440 T default_font_bin
02066c40 T default_font_bin_end
02066d5c 00000012 T typeinfo name for std::locale::facet
02066d70 00000008 T typeinfo for std::locale::facet
02066d78 00000027 V typeinfo name for __gnu_cxx::__concurrence_lock_error
02066da0 0000000c V typeinfo for __gnu_cxx::__concurrence_lock_error
02066dac 00000029 V typeinfo name for __gnu_cxx::__concurrence_unlock_error
02066dd8 0000000c V typeinfo for __gnu_cxx::__concurrence_unlock_error
02066de4 00000014 V vtable for __gnu_cxx::__concurrence_lock_error
02066df8 00000014 V vtable for __gnu_cxx::__concurrence_unlock_error
02066e0c 00000002 T std::locale::facet::_S_c_name
02066e10 000001f0 t CSWTCH.14
020670b0 00000020 t typeinfo for std::__facet_shims::(anonymous namespace)::numpunct_shim<char>
020670d0 00000035 t typeinfo name for std::__facet_shims::(anonymous namespace)::numpunct_shim<char>
02067108 00000020 t typeinfo for std::__facet_shims::(anonymous namespace)::collate_shim<char>
02067128 00000034 t typeinfo name for std::__facet_shims::(anonymous namespace)::collate_shim<char>
0206715c 00000020 t typeinfo for std::__facet_shims::(anonymous namespace)::moneypunct_shim<char, true>
0206717c 0000003b t typeinfo name for std::__facet_shims::(anonymous namespace)::moneypunct_shim<char, true>
020671b8 00000020 t typeinfo for std::__facet_shims::(anonymous namespace)::moneypunct_shim<char, false>
020671d8 0000003b t typeinfo name for std::__facet_shims::(anonymous namespace)::moneypunct_shim<char, false>
02067214 00000020 t typeinfo for std::__facet_shims::(anonymous namespace)::money_get_shim<char>
02067234 00000036 t typeinfo name for std::__facet_shims::(anonymous namespace)::money_get_shim<char>
0206726c 00000020 t typeinfo for std::__facet_shims::(anonymous namespace)::money_put_shim<char>
0206728c 00000036 t typeinfo name for std::__facet_shims::(anonymous namespace)::money_put_shim<char>
020672c4 00000020 t typeinfo for std::__facet_shims::(anonymous namespace)::messages_shim<char>
020672e4 00000035 t typeinfo name for std::__facet_shims::(anonymous namespace)::messages_shim<char>
0206731c 00000020 t typeinfo for std::__facet_shims::(anonymous namespace)::numpunct_shim<wchar_t>
0206733c 00000035 t typeinfo name for std::__facet_shims::(anonymous namespace)::numpunct_shim<wchar_t>
02067374 00000020 t typeinfo for std::__facet_shims::(anonymous namespace)::collate_shim<wchar_t>
02067394 00000034 t typeinfo name for std::__facet_shims::(anonymous namespace)::collate_shim<wchar_t>
020673c8 00000020 t typeinfo for std::__facet_shims::(anonymous namespace)::moneypunct_shim<wchar_t, true>
020673e8 0000003b t typeinfo name for std::__facet_shims::(anonymous namespace)::moneypunct_shim<wchar_t, true>
02067424 00000020 t typeinfo for std::__facet_shims::(anonymous namespace)::moneypunct_shim<wchar_t, false>
02067444 0000003b t typeinfo name for std::__facet_shims::(anonymous namespace)::moneypunct_shim<wchar_t, false>
02067480 00000020 t typeinfo for std::__facet_shims::(anonymous namespace)::money_get_shim<wchar_t>
020674a0 00000036 t typeinfo name for std::__facet_shims::(anonymous namespace)::money_get_shim<wchar_t>
020674d8 00000020 t typeinfo for std::__facet_shims::(anonymous namespace)::money_put_shim<wchar_t>
020674f8 00000036 t typeinfo name for std::__facet_shims::(anonymous namespace)::money_put_shim<wchar_t>
02067530 00000020 t typeinfo for std::__facet_shims::(anonymous namespace)::messages_shim<wchar_t>
02067550 00000035 t typeinfo name for std::__facet_shims::(anonymous namespace)::messages_shim<wchar_t>
02067588 00000019 V typeinfo name for std::locale::facet::__shim
020675a4 00000008 V typeinfo for std::locale::facet::__shim
020675ac 00000020 t typeinfo for std::__facet_shims::(anonymous namespace)::time_get_shim<char>
020675cc 00000035 t typeinfo name for std::__facet_shims::(anonymous namespace)::time_get_shim<char>
02067604 00000020 t typeinfo for std::__facet_shims::(anonymous namespace)::time_get_shim<wchar_t>
02067624 00000035 t typeinfo name for std::__facet_shims::(anonymous namespace)::time_get_shim<wchar_t>
0206765c 00000024 t vtable for std::__facet_shims::(anonymous namespace)::numpunct_shim<char>
02067680 0000001c t vtable for std::__facet_shims::(anonymous namespace)::collate_shim<char>
0206769c 00000034 t vtable for std::__facet_shims::(anonymous namespace)::moneypunct_shim<char, true>
020676d0 00000034 t vtable for std::__facet_shims::(anonymous namespace)::moneypunct_shim<char, false>
02067704 00000018 t vtable for std::__facet_shims::(anonymous namespace)::money_get_shim<char>
0206771c 00000018 t vtable for std::__facet_shims::(anonymous namespace)::money_put_shim<char>
02067734 0000001c t vtable for std::__facet_shims::(anonymous namespace)::messages_shim<char>
02067750 00000024 t vtable for std::__facet_shims::(anonymous namespace)::numpunct_shim<wchar_t>
02067774 0000001c t vtable for std::__facet_shims::(anonymous namespace)::collate_shim<wchar_t>
02067790 00000034 t vtable for std::__facet_shims::(anonymous namespace)::moneypunct_shim<wchar_t, true>
020677c4 00000034 t vtable for std::__facet_shims::(anonymous namespace)::moneypunct_shim<wchar_t, false>
020677f8 00000018 t vtable for std::__facet_shims::(anonymous namespace)::money_get_shim<wchar_t>
02067810 00000018 t vtable for std::__facet_shims::(anonymous namespace)::money_put_shim<wchar_t>
02067828 0000001c t vtable for std::__facet_shims::(anonymous namespace)::messages_shim<wchar_t>
02067844 00000028 t vtable for std::__facet_shims::(anonymous namespace)::time_get_shim<char>
0206786c 00000028 t vtable for std::__facet_shims::(anonymous namespace)::time_get_shim<wchar_t>
02067944 00000020 t typeinfo for std::__facet_shims::(anonymous namespace)::numpunct_shim<char>
02067964 00000035 t typeinfo name for std::__facet_shims::(anonymous namespace)::numpunct_shim<char>
0206799c 00000020 t typeinfo for std::__facet_shims::(anonymous namespace)::collate_shim<char>
020679bc 00000034 t typeinfo name for std::__facet_shims::(anonymous namespace)::collate_shim<char>
020679f0 00000020 t typeinfo for std::__facet_shims::(anonymous namespace)::moneypunct_shim<char, true>
02067a10 0000003b t typeinfo name for std::__facet_shims::(anonymous namespace)::moneypunct_shim<char, true>
02067a4c 00000020 t typeinfo for std::__facet_shims::(anonymous namespace)::moneypunct_shim<char, false>
02067a6c 0000003b t typeinfo name for std::__facet_shims::(anonymous namespace)::moneypunct_shim<char, false>
02067aa8 00000020 t typeinfo for std::__facet_shims::(anonymous namespace)::money_get_shim<char>
02067ac8 00000036 t typeinfo name for std::__facet_shims::(anonymous namespace)::money_get_shim<char>
02067b00 00000020 t typeinfo for std::__facet_shims::(anonymous namespace)::money_put_shim<char>
02067b20 00000036 t typeinfo name for std::__facet_shims::(anonymous namespace)::money_put_shim<char>
02067b58 00000020 t typeinfo for std::__facet_shims::(anonymous namespace)::messages_shim<char>
02067b78 00000035 t typeinfo name for std::__facet_shims::(anonymous namespace)::messages_shim<char>
02067bb0 00000020 t typeinfo for std::__facet_shims::(anonymous namespace)::numpunct_shim<wchar_t>
02067bd0 00000035 t typeinfo name for std::__facet_shims::(anonymous namespace)::numpunct_shim<wchar_t>
02067c08 00000020 t typeinfo for std::__facet_shims::(anonymous namespace)::collate_shim<wchar_t>
02067c28 00000034 t typeinfo name for std::__facet_shims::(anonymous namespace)::collate_shim<wchar_t>
02067c5c 00000020 t typeinfo for std::__facet_shims::(anonymous namespace)::moneypunct_shim<wchar_t, true>
02067c7c 0000003b t typeinfo name for std::__facet_shims::(anonymous namespace)::moneypunct_shim<wchar_t, true>
02067cb8 00000020 t typeinfo for std::__facet_shims::(anonymous namespace)::moneypunct_shim<wchar_t, false>
02067cd8 0000003b t typeinfo name for std::__facet_shims::(anonymous namespace)::moneypunct_shim<wchar_t, false>
02067d14 00000020 t typeinfo for std::__facet_shims::(anonymous namespace)::money_get_shim<wchar_t>
02067d34 00000036 t typeinfo name for std::__facet_shims::(anonymous namespace)::money_get_shim<wchar_t>
02067d6c 00000020 t typeinfo for std::__facet_shims::(anonymous namespace)::money_put_shim<wchar_t>
02067d8c 00000036 t typeinfo name for std::__facet_shims::(anonymous namespace)::money_put_shim<wchar_t>
02067dc4 00000020 t typeinfo for std::__facet_shims::(anonymous namespace)::messages_shim<wchar_t>
02067de4 00000035 t typeinfo name for std::__facet_shims::(anonymous namespace)::messages_shim<wchar_t>
02067e1c 00000020 t typeinfo for std::__facet_shims::(anonymous namespace)::time_get_shim<char>
02067e3c 00000035 t typeinfo name for std::__facet_shims::(anonymous namespace)::time_get_shim<char>
02067e74 00000020 t typeinfo for std::__facet_shims::(anonymous namespace)::time_get_shim<wchar_t>
02067e94 00000035 t typeinfo name for std::__facet_shims::(anonymous namespace)::time_get_shim<wchar_t>
02067ecc 00000024 t vtable for std::__facet_shims::(anonymous namespace)::numpunct_shim<char>
02067ef0 0000001c t vtable for std::__facet_shims::(anonymous namespace)::collate_shim<char>
02067f0c 00000034 t vtable for std::__facet_shims::(anonymous namespace)::moneypunct_shim<char, true>
02067f40 00000034 t vtable for std::__facet_shims::(anonymous namespace)::moneypunct_shim<char, false>
02067f74 00000018 t vtable for std::__facet_shims::(anonymous namespace)::money_get_shim<char>
02067f8c 00000018 t vtable for std::__facet_shims::(anonymous namespace)::money_put_shim<char>
02067fa4 0000001c t vtable for std::__facet_shims::(anonymous namespace)::messages_shim<char>
02067fc0 00000024 t vtable for std::__facet_shims::(anonymous namespace)::numpunct_shim<wchar_t>
02067fe4 0000001c t vtable for std::__facet_shims::(anonymous namespace)::collate_shim<wchar_t>
02068000 00000034 t vtable for std::__facet_shims::(anonymous namespace)::moneypunct_shim<wchar_t, true>
02068034 00000034 t vtable for std::__facet_shims::(anonymous namespace)::moneypunct_shim<wchar_t, false>
02068068 00000018 t vtable for std::__facet_shims::(anonymous namespace)::money_get_shim<wchar_t>
02068080 00000018 t vtable for std::__facet_shims::(anonymous namespace)::money_put_shim<wchar_t>
02068098 0000001c t vtable for std::__facet_shims::(anonymous namespace)::messages_shim<wchar_t>
020680b4 0000002c t vtable for std::__facet_shims::(anonymous namespace)::time_get_shim<char>
020680e0 0000002c t vtable for std::__facet_shims::(anonymous namespace)::time_get_shim<wchar_t>
020682b0 0000000d V typeinfo name for std::time_base
020682c0 00000008 V typeinfo for std::time_base
020682c8 0000000f V typeinfo name for std::money_base
020682d8 00000008 V typeinfo for std::money_base
020682e0 00000012 V typeinfo name for std::messages_base
020682f4 00000008 V typeinfo for std::messages_base
020682fc 00000018 V typeinfo name for std::__cxx11::collate<wchar_t>
02068314 0000000c V typeinfo for std::__cxx11::collate<wchar_t>
02068320 00000019 V typeinfo name for std::__cxx11::numpunct<wchar_t>
0206833c 0000000c V typeinfo for std::__cxx11::numpunct<wchar_t>
02068348 00000020 V typeinfo name for std::__cxx11::moneypunct<wchar_t, true>
02068368 00000020 V typeinfo for std::__cxx11::moneypunct<wchar_t, true>
02068388 00000020 V typeinfo name for std::__cxx11::moneypunct<wchar_t, false>
020683a8 00000020 V typeinfo for std::__cxx11::moneypunct<wchar_t, false>
020683c8 00000019 V typeinfo name for std::__cxx11::messages<wchar_t>
020683e4 00000020 V typeinfo for std::__cxx11::messages<wchar_t>
02068404 00000046 V typeinfo name for std::__cxx11::money_get<wchar_t, std::istreambuf_iterator<wchar_t, std::char_traits<wchar_t> > >
0206844c 0000000c V typeinfo for std::__cxx11::money_get<wchar_t, std::istreambuf_iterator<wchar_t, std::char_traits<wchar_t> > >
02068458 00000046 V typeinfo name for std::__cxx11::money_put<wchar_t, std::ostreambuf_iterator<wchar_t, std::char_traits<wchar_t> > >
020684a0 0000000c V typeinfo for std::__cxx11::money_put<wchar_t, std::ostreambuf_iterator<wchar_t, std::char_traits<wchar_t> > >
020684ac 00000045 V typeinfo name for std::__cxx11::time_get<wchar_t, std::istreambuf_iterator<wchar_t, std::char_traits<wchar_t> > >
020684f4 00000020 V typeinfo for std::__cxx11::time_get<wchar_t, std::istreambuf_iterator<wchar_t, std::char_traits<wchar_t> > >
02068514 0000001c V vtable for std::__cxx11::collate<wchar_t>
02068530 00000024 V vtable for std::__cxx11::numpunct<wchar_t>
02068554 00000034 V vtable for std::__cxx11::moneypunct<wchar_t, true>
02068588 00000034 V vtable for std::__cxx11::moneypunct<wchar_t, false>
020685bc 0000001c V vtable for std::__cxx11::messages<wchar_t>
020685d8 00000018 V vtable for std::__cxx11::money_get<wchar_t, std::istreambuf_iterator<wchar_t, std::char_traits<wchar_t> > >
020685f0 00000018 V vtable for std::__cxx11::money_put<wchar_t, std::ostreambuf_iterator<wchar_t, std::char_traits<wchar_t> > >
02068608 0000002c V vtable for std::__cxx11::time_get<wchar_t, std::istreambuf_iterator<wchar_t, std::char_traits<wchar_t> > >
02068634 00000036 V typeinfo name for __gnu_cxx::stdio_sync_filebuf<char, std::char_traits<char> >
0206866c 0000000c V typeinfo for __gnu_cxx::stdio_sync_filebuf<char, std::char_traits<char> >
02068678 00000036 V typeinfo name for __gnu_cxx::stdio_sync_filebuf<wchar_t, std::char_traits<wchar_t> >
020686b0 0000000c V typeinfo for __gnu_cxx::stdio_sync_filebuf<wchar_t, std::char_traits<wchar_t> >
020686bc 00000040 V vtable for __gnu_cxx::stdio_sync_filebuf<char, std::char_traits<char> >
020686fc 00000040 V vtable for __gnu_cxx::stdio_sync_filebuf<wchar_t, std::char_traits<wchar_t> >
0206873c 00000027 V typeinfo name for std::basic_filebuf<char, std::char_traits<char> >
02068764 0000000c V typeinfo for std::basic_filebuf<char, std::char_traits<char> >
02068770 00000027 V typeinfo name for std::basic_fstream<char, std::char_traits<char> >
02068798 0000000c V typeinfo for std::basic_fstream<char, std::char_traits<char> >
020687a4 00000040 V vtable for std::basic_filebuf<char, std::char_traits<char> >
020687e4 00000028 V construction vtable for std::ostream-in-std::basic_fstream<char, std::char_traits<char> >
0206880c 00000028 V construction vtable for std::istream-in-std::basic_fstream<char, std::char_traits<char> >
02068834 0000003c V construction vtable for std::iostream-in-std::basic_fstream<char, std::char_traits<char> >
02068870 00000028 V VTT for std::basic_fstream<char, std::char_traits<char> >
02068898 0000003c V vtable for std::basic_fstream<char, std::char_traits<char> >
020688d4 00000022 V typeinfo name for std::basic_ios<char, std::char_traits<char> >
020688f8 0000000c V typeinfo for std::basic_ios<char, std::char_traits<char> >
02068904 00000022 V typeinfo name for std::basic_ios<wchar_t, std::char_traits<wchar_t> >
02068928 0000000c V typeinfo for std::basic_ios<wchar_t, std::char_traits<wchar_t> >
02068934 00000010 V vtable for std::basic_ios<char, std::char_traits<char> >
02068944 00000010 V vtable for std::basic_ios<wchar_t, std::char_traits<wchar_t> >
02068954 0000000c T typeinfo name for std::ios_base
02068960 00000008 T typeinfo for std::ios_base
02068968 00000010 T vtable for std::ios_base
02068978 00000003 V typeinfo name for std::iostream
0206897c 00000020 V typeinfo for std::iostream
0206899c 00000003 V typeinfo name for std::istream
020689a0 00000018 V typeinfo for std::istream
020689b8 00000027 V typeinfo name for std::basic_istream<wchar_t, std::char_traits<wchar_t> >
020689e0 00000018 V typeinfo for std::basic_istream<wchar_t, std::char_traits<wchar_t> >
020689f8 00000008 V VTT for std::istream
02068a00 00000028 V vtable for std::istream
02068a28 00000008 V VTT for std::basic_istream<wchar_t, std::char_traits<wchar_t> >
02068a30 00000028 V vtable for std::basic_istream<wchar_t, std::char_traits<wchar_t> >
02068bfc 00000011 V typeinfo name for std::codecvt_base
02068c10 00000008 V typeinfo for std::codecvt_base
02068c18 0000000f V typeinfo name for std::ctype_base
02068c28 00000008 V typeinfo for std::ctype_base
02068c30 0000000e V typeinfo name for std::collate<char>
02068c40 0000000c V typeinfo for std::collate<char>
02068c4c 0000000f V typeinfo name for std::numpunct<char>
02068c5c 0000000c V typeinfo for std::numpunct<char>
02068c68 0000003a V typeinfo name for std::num_get<char, std::istreambuf_iterator<char, std::char_traits<char> > >
02068ca4 0000000c V typeinfo for std::num_get<char, std::istreambuf_iterator<char, std::char_traits<char> > >
02068cb0 0000003a V typeinfo name for std::num_put<char, std::ostreambuf_iterator<char, std::char_traits<char> > >
02068cec 0000000c V typeinfo for std::num_put<char, std::ostreambuf_iterator<char, std::char_traits<char> > >
02068cf8 00000019 V typeinfo name for std::__timepunct_cache<char>
02068d14 0000000c V typeinfo for std::__timepunct_cache<char>
02068d20 00000013 V typeinfo name for std::__timepunct<char>
02068d34 0000000c V typeinfo for std::__timepunct<char>
02068d40 00000016 V typeinfo name for std::moneypunct<char, true>
02068d58 00000020 V typeinfo for std::moneypunct<char, true>
02068d78 00000016 V typeinfo name for std::moneypunct<char, false>
02068d90 00000020 V typeinfo for std::moneypunct<char, false>
02068db0 0000000f V typeinfo name for std::messages<char>
02068dc0 00000020 V typeinfo for std::messages<char>
02068de0 0000002c V typeinfo name for std::__codecvt_abstract_base<char, char, _mbstate_t>
02068e0c 00000020 V typeinfo for std::__codecvt_abstract_base<char, char, _mbstate_t>
02068e2c 0000003c V typeinfo name for std::money_get<char, std::istreambuf_iterator<char, std::char_traits<char> > >
02068e68 0000000c V typeinfo for std::money_get<char, std::istreambuf_iterator<char, std::char_traits<char> > >
02068e74 0000003c V typeinfo name for std::money_put<char, std::ostreambuf_iterator<char, std::char_traits<char> > >
02068eb0 0000000c V typeinfo for std::money_put<char, std::ostreambuf_iterator<char, std::char_traits<char> > >
02068ebc 0000003b V typeinfo name for std::time_put<char, std::ostreambuf_iterator<char, std::char_traits<char> > >
02068ef8 0000000c V typeinfo for std::time_put<char, std::ostreambuf_iterator<char, std::char_traits<char> > >
02068f04 0000003b V typeinfo name for std::time_get<char, std::istreambuf_iterator<char, std::char_traits<char> > >
02068f40 00000020 V typeinfo for std::time_get<char, std::istreambuf_iterator<char, std::char_traits<char> > >
02068f60 0000001e V typeinfo name for std::__moneypunct_cache<char, false>
02068f80 0000000c V typeinfo for std::__moneypunct_cache<char, false>
02068f8c 0000001e V typeinfo name for std::__moneypunct_cache<char, true>
02068fac 0000000c V typeinfo for std::__moneypunct_cache<char, true>
02068fb8 00000018 V typeinfo name for std::__numpunct_cache<char>
02068fd0 0000000c V typeinfo for std::__numpunct_cache<char>
02068fdc 0000001c V vtable for std::collate<char>
02068ff8 00000024 V vtable for std::numpunct<char>
0206901c 0000003c V vtable for std::num_get<char, std::istreambuf_iterator<char, std::char_traits<char> > >
02069058 00000030 V vtable for std::num_put<char, std::ostreambuf_iterator<char, std::char_traits<char> > >
02069088 00000010 V vtable for std::__timepunct_cache<char>
02069098 00000010 V vtable for std::__timepunct<char>
020690a8 00000034 V vtable for std::moneypunct<char, true>
020690dc 00000034 V vtable for std::moneypunct<char, false>
02069110 0000001c V vtable for std::messages<char>
0206912c 0000002c V vtable for std::__codecvt_abstract_base<char, char, _mbstate_t>
02069158 00000018 V vtable for std::money_get<char, std::istreambuf_iterator<char, std::char_traits<char> > >
02069170 00000018 V vtable for std::money_put<char, std::ostreambuf_iterator<char, std::char_traits<char> > >
02069188 00000014 V vtable for std::time_put<char, std::ostreambuf_iterator<char, std::char_traits<char> > >
0206919c 00000028 V vtable for std::time_get<char, std::istreambuf_iterator<char, std::char_traits<char> > >
020691c4 00000010 V vtable for std::__moneypunct_cache<char, false>
020691d4 00000010 V vtable for std::__moneypunct_cache<char, true>
020691e4 00000010 V vtable for std::__numpunct_cache<char>
020691f4 00000088 T std::locale::_S_twinned_facets
0206927c 00000003 V typeinfo name for std::ostream
02069280 00000018 V typeinfo for std::ostream
02069298 00000027 V typeinfo name for std::basic_ostream<wchar_t, std::char_traits<wchar_t> >
020692c0 00000018 V typeinfo for std::basic_ostream<wchar_t, std::char_traits<wchar_t> >
020692d8 00000008 V VTT for std::ostream
020692e0 00000028 V vtable for std::ostream
02069308 00000008 V VTT for std::basic_ostream<wchar_t, std::char_traits<wchar_t> >
02069310 00000028 V vtable for std::basic_ostream<wchar_t, std::char_traits<wchar_t> >
02069338 00000029 V typeinfo name for std::basic_streambuf<char, std::char_traits<char> >
02069364 00000008 V typeinfo for std::basic_streambuf<char, std::char_traits<char> >
0206936c 00000029 V typeinfo name for std::basic_streambuf<wchar_t, std::char_traits<wchar_t> >
02069398 00000008 V typeinfo for std::basic_streambuf<wchar_t, std::char_traits<wchar_t> >
020693a0 00000040 V vtable for std::basic_streambuf<char, std::char_traits<char> >
020693e0 00000040 V vtable for std::basic_streambuf<wchar_t, std::char_traits<wchar_t> >
02069420 00000019 T typeinfo name for std::_V2::error_category
0206943c 00000008 T typeinfo for std::_V2::error_category
02069444 00000011 T typeinfo name for std::system_error
02069458 0000000c T typeinfo for std::system_error
02069464 0000000c t typeinfo for (anonymous namespace)::generic_error_category
02069470 0000002a t typeinfo name for (anonymous namespace)::generic_error_category
0206949c 00000014 T vtable for std::system_error
020694b0 00000028 t vtable for (anonymous namespace)::generic_error_category
0206967c 0000000e V typeinfo name for std::collate<wchar_t>
0206968c 0000000c V typeinfo for std::collate<wchar_t>
02069698 0000001d V typeinfo name for std::__ctype_abstract_base<wchar_t>
020696b8 00000020 V typeinfo for std::__ctype_abstract_base<wchar_t>
020696d8 0000000f V typeinfo name for std::numpunct<wchar_t>
020696e8 0000000c V typeinfo for std::numpunct<wchar_t>
020696f4 0000003a V typeinfo name for std::num_get<wchar_t, std::istreambuf_iterator<wchar_t, std::char_traits<wchar_t> > >
02069730 0000000c V typeinfo for std::num_get<wchar_t, std::istreambuf_iterator<wchar_t, std::char_traits<wchar_t> > >
0206973c 0000003a V typeinfo name for std::num_put<wchar_t, std::ostreambuf_iterator<wchar_t, std::char_traits<wchar_t> > >
02069778 0000000c V typeinfo for std::num_put<wchar_t, std::ostreambuf_iterator<wchar_t, std::char_traits<wchar_t> > >
02069784 00000019 V typeinfo name for std::__timepunct_cache<wchar_t>
020697a0 0000000c V typeinfo for std::__timepunct_cache<wchar_t>
020697ac 00000013 V typeinfo name for std::__timepunct<wchar_t>
020697c0 0000000c V typeinfo for std::__timepunct<wchar_t>
020697cc 00000016 V typeinfo name for std::moneypunct<wchar_t, true>
020697e4 00000020 V typeinfo for std::moneypunct<wchar_t, true>
02069804 00000016 V typeinfo name for std::moneypunct<wchar_t, false>
0206981c 00000020 V typeinfo for std::moneypunct<wchar_t, false>
0206983c 0000000f V typeinfo name for std::messages<wchar_t>
0206984c 00000020 V typeinfo for std::messages<wchar_t>
0206986c 0000002c V typeinfo name for std::__codecvt_abstract_base<wchar_t, char, _mbstate_t>
02069898 00000020 V typeinfo for std::__codecvt_abstract_base<wchar_t, char, _mbstate_t>
020698b8 0000003c V typeinfo name for std::money_get<wchar_t, std::istreambuf_iterator<wchar_t, std::char_traits<wchar_t> > >
020698f4 0000000c V typeinfo for std::money_get<wchar_t, std::istreambuf_iterator<wchar_t, std::char_traits<wchar_t> > >
02069900 0000003c V typeinfo name for std::money_put<wchar_t, std::ostreambuf_iterator<wchar_t, std::char_traits<wchar_t> > >
0206993c 0000000c V typeinfo for std::money_put<wchar_t, std::ostreambuf_iterator<wchar_t, std::char_traits<wchar_t> > >
02069948 0000003b V typeinfo name for std::time_put<wchar_t, std::ostreambuf_iterator<wchar_t, std::char_traits<wchar_t> > >
02069984 0000000c V typeinfo for std::time_put<wchar_t, std::ostreambuf_iterator<wchar_t, std::char_traits<wchar_t> > >
02069990 0000003b V typeinfo name for std::time_get<wchar_t, std::istreambuf_iterator<wchar_t, std::char_traits<wchar_t> > >
020699cc 00000020 V typeinfo for std::time_get<wchar_t, std::istreambuf_iterator<wchar_t, std::char_traits<wchar_t> > >
020699ec 0000001e V typeinfo name for std::__moneypunct_cache<wchar_t, false>
02069a0c 0000000c V typeinfo for std::__moneypunct_cache<wchar_t, false>
02069a18 0000001e V typeinfo name for std::__moneypunct_cache<wchar_t, true>
02069a38 0000000c V typeinfo for std::__moneypunct_cache<wchar_t, true>
02069a44 00000018 V typeinfo name for std::__numpunct_cache<wchar_t>
02069a5c 0000000c V typeinfo for std::__numpunct_cache<wchar_t>
02069a68 0000001c V vtable for std::collate<wchar_t>
02069a84 00000040 V vtable for std::__ctype_abstract_base<wchar_t>
02069ac4 00000024 V vtable for std::numpunct<wchar_t>
02069ae8 0000003c V vtable for std::num_get<wchar_t, std::istreambuf_iterator<wchar_t, std::char_traits<wchar_t> > >
02069b24 00000030 V vtable for std::num_put<wchar_t, std::ostreambuf_iterator<wchar_t, std::char_traits<wchar_t> > >
02069b54 00000010 V vtable for std::__timepunct_cache<wchar_t>
02069b64 00000010 V vtable for std::__timepunct<wchar_t>
02069b74 00000034 V vtable for std::moneypunct<wchar_t, true>
02069ba8 00000034 V vtable for std::moneypunct<wchar_t, false>
02069bdc 0000001c V vtable for std::messages<wchar_t>
02069bf8 0000002c V vtable for std::__codecvt_abstract_base<wchar_t, char, _mbstate_t>
02069c24 00000018 V vtable for std::money_get<wchar_t, std::istreambuf_iterator<wchar_t, std::char_traits<wchar_t> > >
02069c3c 00000018 V vtable for std::money_put<wchar_t, std::ostreambuf_iterator<wchar_t, std::char_traits<wchar_t> > >
02069c54 00000014 V vtable for std::time_put<wchar_t, std::ostreambuf_iterator<wchar_t, std::char_traits<wchar_t> > >
02069c68 00000028 V vtable for std::time_get<wchar_t, std::istreambuf_iterator<wchar_t, std::char_traits<wchar_t> > >
02069c90 00000010 V vtable for std::__moneypunct_cache<wchar_t, false>
02069ca0 00000010 V vtable for std::__moneypunct_cache<wchar_t, true>
02069cb0 00000010 V vtable for std::__numpunct_cache<wchar_t>
02069cc0 0000000d T typeinfo name for std::bad_alloc
02069cd0 0000000c T typeinfo for std::bad_alloc
02069cdc 00000014 T vtable for std::bad_alloc
02069cf0 00000019 T typeinfo name for std::bad_array_new_length
02069d0c 0000000c T typeinfo for std::bad_array_new_length
02069d18 00000014 T vtable for std::bad_array_new_length
02069d2c 0000000c T typeinfo name for std::bad_cast
02069d38 0000000c T typeinfo for std::bad_cast
02069d44 00000014 T vtable for std::bad_cast
02069d58 00000022 T typeinfo name for __cxxabiv1::__class_type_info
02069d7c 0000000c T typeinfo for __cxxabiv1::__class_type_info
02069d88 0000002c T vtable for __cxxabiv1::__class_type_info
02069db4 0000000d T typeinfo name for std::exception
02069dc4 00000008 T typeinfo for std::exception
02069dcc 00000012 T typeinfo name for std::bad_exception
02069de0 0000000c T typeinfo for std::bad_exception
02069dec 00000020 T typeinfo name for __cxxabiv1::__forced_unwind
02069e0c 00000008 T typeinfo for __cxxabiv1::__forced_unwind
02069e14 00000024 T typeinfo name for __cxxabiv1::__foreign_exception
02069e38 00000008 T typeinfo for __cxxabiv1::__foreign_exception
02069e40 00000014 T vtable for std::bad_exception
02069e88 0000002c V typeinfo name for __gnu_cxx::__concurrence_broadcast_error
02069eb4 0000000c V typeinfo for __gnu_cxx::__concurrence_broadcast_error
02069ec0 00000027 V typeinfo name for __gnu_cxx::__concurrence_wait_error
02069ee8 0000000c V typeinfo for __gnu_cxx::__concurrence_wait_error
02069ef4 00000014 V vtable for __gnu_cxx::__concurrence_broadcast_error
02069f08 00000014 V vtable for __gnu_cxx::__concurrence_wait_error
02069f1c 00000023 T typeinfo name for __gnu_cxx::recursive_init_error
02069f40 0000000c T typeinfo for __gnu_cxx::recursive_init_error
02069f4c 00000014 T vtable for __gnu_cxx::recursive_init_error
02069f60 00000001 T std::nothrow
02069f64 00000025 T typeinfo name for __cxxabiv1::__si_class_type_info
02069f8c 0000000c T typeinfo for __cxxabiv1::__si_class_type_info
02069f98 0000002c T vtable for __cxxabiv1::__si_class_type_info
02069fc4 0000000d T typeinfo name for std::type_info
02069fd4 00000008 T typeinfo for std::type_info
02069fdc 00000026 T typeinfo name for __cxxabiv1::__vmi_class_type_info
0206a004 0000000c T typeinfo for __cxxabiv1::__vmi_class_type_info
0206a010 0000002c T vtable for __cxxabiv1::__vmi_class_type_info
0206a03c 0000001b V typeinfo name for std::codecvt<char, char, _mbstate_t>
0206a058 0000000c V typeinfo for std::codecvt<char, char, _mbstate_t>
0206a064 0000001b V typeinfo name for std::codecvt<wchar_t, char, _mbstate_t>
0206a080 0000000c V typeinfo for std::codecvt<wchar_t, char, _mbstate_t>
0206a08c 0000002c V vtable for std::codecvt<char, char, _mbstate_t>
0206a0b8 0000002c V vtable for std::codecvt<wchar_t, char, _mbstate_t>
0206a0e4 00000034 t std::(anonymous namespace)::mon_yday
0206a118 00000004 T std::money_base::_S_default_pattern
0206a8a4 00000010 T typeinfo name for std::logic_error
0206a8b4 0000000c T typeinfo for std::logic_error
0206a8c0 00000011 T typeinfo name for std::length_error
0206a8d4 0000000c T typeinfo for std::length_error
0206a8e0 00000011 T typeinfo name for std::out_of_range
0206a8f4 0000000c T typeinfo for std::out_of_range
0206a900 00000012 T typeinfo name for std::runtime_error
0206a914 0000000c T typeinfo for std::runtime_error
0206a920 00000014 T vtable for std::logic_error
0206a934 00000014 T vtable for std::length_error
0206a948 00000014 T vtable for std::out_of_range
0206a95c 00000014 T vtable for std::runtime_error
0206a970 0000002d V typeinfo name for std::__codecvt_abstract_base<char16_t, char, _mbstate_t>
0206a9a0 00000020 V typeinfo for std::__codecvt_abstract_base<char16_t, char, _mbstate_t>
0206a9c0 0000001c V typeinfo name for std::codecvt<char16_t, char, _mbstate_t>
0206a9dc 0000000c V typeinfo for std::codecvt<char16_t, char, _mbstate_t>
0206a9e8 0000002d V typeinfo name for std::__codecvt_abstract_base<char32_t, char, _mbstate_t>
0206aa18 00000020 V typeinfo for std::__codecvt_abstract_base<char32_t, char, _mbstate_t>
0206aa38 0000001c V typeinfo name for std::codecvt<char32_t, char, _mbstate_t>
0206aa54 0000000c V typeinfo for std::codecvt<char32_t, char, _mbstate_t>
0206aa60 0000002e V typeinfo name for std::__codecvt_abstract_base<char16_t, char8_t, _mbstate_t>
0206aa90 00000020 V typeinfo for std::__codecvt_abstract_base<char16_t, char8_t, _mbstate_t>
0206aab0 0000001d V typeinfo name for std::codecvt<char16_t, char8_t, _mbstate_t>
0206aad0 0000000c V typeinfo for std::codecvt<char16_t, char8_t, _mbstate_t>
0206aadc 0000002e V typeinfo name for std::__codecvt_abstract_base<char32_t, char8_t, _mbstate_t>
0206ab0c 00000020 V typeinfo for std::__codecvt_abstract_base<char32_t, char8_t, _mbstate_t>
0206ab2c 0000001d V typeinfo name for std::codecvt<char32_t, char8_t, _mbstate_t>
0206ab4c 0000000c V typeinfo for std::codecvt<char32_t, char8_t, _mbstate_t>
0206ab58 0000002c V vtable for std::__codecvt_abstract_base<char16_t, char, _mbstate_t>
0206ab84 0000002c V vtable for std::codecvt<char16_t, char, _mbstate_t>
0206abb0 0000002c V vtable for std::__codecvt_abstract_base<char32_t, char, _mbstate_t>
0206abdc 0000002c V vtable for std::codecvt<char32_t, char, _mbstate_t>
0206ac08 0000002c V vtable for std::__codecvt_abstract_base<char16_t, char8_t, _mbstate_t>
0206ac34 0000002c V vtable for std::codecvt<char16_t, char8_t, _mbstate_t>
0206ac60 0000002c V vtable for std::__codecvt_abstract_base<char32_t, char8_t, _mbstate_t>
0206ac8c 0000002c V vtable for std::codecvt<char32_t, char8_t, _mbstate_t>
0206acb8 0000000c V typeinfo name for std::ctype<char>
0206acc4 00000020 V typeinfo for std::ctype<char>
0206ace4 0000000c V typeinfo name for std::ctype<wchar_t>
0206acf0 0000000c V typeinfo for std::ctype<wchar_t>
0206acfc 00000030 V vtable for std::ctype<char>
0206ad2c 00000040 V vtable for std::ctype<wchar_t>
0206ae80 0000001d T typeinfo name for std::ios_base::failure[abi:cxx11]
0206aea0 0000000c T typeinfo for std::ios_base::failure[abi:cxx11]
0206aeac 00000012 V typeinfo name for std::__ios_failure
0206aec0 0000000c V typeinfo for std::__ios_failure
0206aecc 00000018 T typeinfo name for std::__iosfail_type_info
0206aee4 00000018 T typeinfo for std::__iosfail_type_info
0206aefc 00000014 T vtable for std::ios_base::failure[abi:cxx11]
0206af10 00000014 V vtable for std::__ios_failure
0206af24 0000002c T vtable for std::__iosfail_type_info
0206b0f4 00000018 V typeinfo name for std::__cxx11::collate<char>
0206b10c 0000000c V typeinfo for std::__cxx11::collate<char>
0206b118 00000019 V typeinfo name for std::__cxx11::numpunct<char>
0206b134 0000000c V typeinfo for std::__cxx11::numpunct<char>
0206b140 00000020 V typeinfo name for std::__cxx11::moneypunct<char, true>
0206b160 00000020 V typeinfo for std::__cxx11::moneypunct<char, true>
0206b180 00000020 V typeinfo name for std::__cxx11::moneypunct<char, false>
0206b1a0 00000020 V typeinfo for std::__cxx11::moneypunct<char, false>
0206b1c0 00000019 V typeinfo name for std::__cxx11::messages<char>
0206b1dc 00000020 V typeinfo for std::__cxx11::messages<char>
0206b1fc 00000046 V typeinfo name for std::__cxx11::money_get<char, std::istreambuf_iterator<char, std::char_traits<char> > >
0206b244 0000000c V typeinfo for std::__cxx11::money_get<char, std::istreambuf_iterator<char, std::char_traits<char> > >
0206b250 00000046 V typeinfo name for std::__cxx11::money_put<char, std::ostreambuf_iterator<char, std::char_traits<char> > >
0206b298 0000000c V typeinfo for std::__cxx11::money_put<char, std::ostreambuf_iterator<char, std::char_traits<char> > >
0206b2a4 00000045 V typeinfo name for std::__cxx11::time_get<char, std::istreambuf_iterator<char, std::char_traits<char> > >
0206b2ec 00000020 V typeinfo for std::__cxx11::time_get<char, std::istreambuf_iterator<char, std::char_traits<char> > >
0206b30c 0000001c V vtable for std::__cxx11::collate<char>
0206b328 00000024 V vtable for std::__cxx11::numpunct<char>
0206b34c 00000034 V vtable for std::__cxx11::moneypunct<char, true>
0206b380 00000034 V vtable for std::__cxx11::moneypunct<char, false>
0206b3b4 0000001c V vtable for std::__cxx11::messages<char>
0206b3d0 00000018 V vtable for std::__cxx11::money_get<char, std::istreambuf_iterator<char, std::char_traits<char> > >
0206b3e8 00000018 V vtable for std::__cxx11::money_put<char, std::ostreambuf_iterator<char, std::char_traits<char> > >
0206b400 0000002c V vtable for std::__cxx11::time_get<char, std::istreambuf_iterator<char, std::char_traits<char> > >
0206b42c 0000000c t typeinfo for (anonymous namespace)::io_error_category
0206b438 00000025 t typeinfo name for (anonymous namespace)::io_error_category
0206b460 00000028 t vtable for (anonymous namespace)::io_error_category
0206b488 00000016 T typeinfo name for std::ios_base::failure
0206b4a0 0000000c T typeinfo for std::ios_base::failure
0206b4ac 00000014 T vtable for std::ios_base::failure
0206b954 0000001c t categories
0206ba40 00000014 t fpinan.0
0206ba54 00000014 t fpi.1
0206ba68 00000028 t tinytens
0206bbe8 00000100 T __hexdig
0206bdc0 00000048 t JIS_action_table
0206be08 00000048 t JIS_state_table
0206beb0 00000030 t _DAYS_BEFORE_MONTH
0206bee0 00000030 t DAYS_IN_MONTH
0206bf50 00000010 t zeroes.0
0206bf60 00000010 t blanks.1
0206bf70 00000101 T _ctype_
0206c074 00000010 t zeroes.0
0206c084 00000010 t blanks.1
0206c094 0000006c T __action_table
0206c100 0000006c T __state_table
0206c16c 00000100 T __chclass
0206c26c 000000fc T _C_time_locale
0206c39c 0000000c t p05.0
0206c3a8 00000028 T __mprec_bigtens
0206c3d0 000000c8 T __mprec_tens
0206c498 00000010 t zeroes.0
0206c4a8 00000010 t blanks.1
0206c4b8 00000022 t basefix.0
0206c4dc 00000060 T __month_lengths
0206c53c 00000010 t zeroes.0
0206c54c 00000010 t blanks.1
0206c55c 000035dc t categories
0206fb38 00000040 t zeroes.0
0206fb78 00000040 t blanks.1
0206fbb8 00000022 t basefix.0
0206fbe0 00000001 D running
0206fbe4 00000004 D palette_select
0206fbe8 00000c00 D gt_palette_vals
020707e8 00000010 d s_dvmDiscNand
020707f8 00000010 d s_dvmDiscSd
02070808 00000010 d s_dvmDiscDldi
02070818 00000004 V g_dvmDefaultSectorsPerPage
0207081c 00000004 V g_dvmDefaultCachePages
02070820 00000020 d s_dvmFsDrvTable
02070840 00000400 d _current_working_directory
02070c40 0000008c D devoptab_list
02070ccc 00000004 d defaultDevice
02070cd0 00000020 D bgTransform
02070cf0 00000020 D bgScrollTable
02070d10 00000020 D bgControl
02070d30 00000001 d firstConsoleInit.0
02070d34 00000004 D currentConsole
02070d38 0000005c D defaultConsole
02070d94 00000001 d count
02070d95 00000001 d repeat
02070d96 00000001 d delay
02070d98 00000004 D g_dietPrintFn
02070d9c 00000001 D std::ios_base::Init::_S_synced_with_stdio
02070da0 00000004 d (anonymous namespace)::generic_category_instance
02070da4 00000004 D __cxxabiv1::__unexpected_handler
02070da8 00000004 D std::__num_base::_S_atoms_out
02070dac 00000004 D std::__num_base::_S_atoms_in
02070db0 00000004 D std::money_base::_S_atoms
02070db4 00000038 D std::__timepunct_cache<wchar_t>::_S_timezones
02070dec 00000038 D std::__timepunct_cache<char>::_S_timezones
02070e24 00000004 d (anonymous namespace)::io_category_instance
02070e28 00000004 D __cxxabiv1::__terminate_handler
02070e2c 000000e7 d global_locale_string
02070f14 0000016c D __global_locale
02071080 00000020 D __default_locale
020710a0 0000000c D __sglue
020710b0 00000058 d tzinfo
02071108 00000004 D __malloc_sbrk_base
0207110c 00000004 D __malloc_trim_threshold
02071110 00000408 D __malloc_av_
02071518 00000004 D _impure_ptr
02071520 00000140 D _impure_data
02071660 00000008 D _tzname
02071668 00000004 D environ
0207166c 000007b0 d caseconv_table
02071e20 00001000 d handles
02072e20 0000000c d __stderr_handle
02072e2c 0000000c d __stdout_handle
02072e38 0000000c d __stdin_handle
02075bd8 r __exidx_start
02077078 r __EH_FRAME_BEGIN__
02077078 r __exidx_end
02077078 r __FRAME_END__
0207707c r __tls_info
02077088 d __init_array_start
02077088 d __preinit_array_end
02077088 d __preinit_array_start
0207708c d __frame_dummy_init_array_entry
020770b4 d __fini_array_start
020770b4 d __init_array_end
020770b8 d __do_global_dtors_aux_fini_array_entry
020770c4 a __dldi_lma
020770c4 d __fini_array_end
020770c8 ? __tls_end
020770c8 ? __tls_start
020770c8 b completed.1
020770cc b object.0
020770e4 00000004 B intended_cycles
020770e8 00000001 b ndsMenuOpen
020770f0 00004194 b ndsMenu
0207b0c4 a __itcm_lma
0207b0c4 a __loadlist_lma
0207b284 00000001 B rshift
0207b285 00000001 B lshift
0207b286 00000001 B paused
0207b288 00000004 B vRAM_Surface
0207b28c 00000004 B gRAM_Surface
0207b290 00000050 B timekeeper
0207b2e0 00000114 B xor_file
0207b3f4 00000114 B orig_rom
0207b508 00000004 B muteMask
0207b50c 00000004 B resetQueued
0207b510 00000001 B showMenu
0207b514 00000018 B flashFileFullPath[abi:cxx11]
0207b52c 00000018 B nvramFileFullPath[abi:cxx11]
0207b544 00000018 B currentRomFilePath[abi:cxx11]
0207b55c 00008014 B cartridge_state
0207b7e4 a __dtcm_lma
02083570 00098013 B system_state
0211b584 00000004 B joysticks
0211b588 00000004 B soundcard
0211b58c 00000004 B blitter
0211b590 00000004 B cpu_core
0211b594 00000001 B loadedRomType
0211b598 00000004 B AudioCoprocessor::singleton_acp_state
0211b59c 00000004 B EmulatorConfig::xorFile
0211b5a0 00000001 B EmulatorConfig::noSave
0211b5a1 00000001 B EmulatorConfig::noJoystick
0211b5a2 00000001 B EmulatorConfig::noSound
0211b5a4 00000004 V g_dvmCalicoNandMount
0211b5a8 00000002 b Fsid
0211b5ac 00000400 b temp_cwd
0211b9ac 00000008 B bgIsTextLut
0211b9b4 00000140 B bgState
0211baf4 0000005c B currentCopy
0211bb50 00000002 b keysrepeat
0211bb54 00000004 b s_keypad
0211bb58 W g_excptHandler
0211bb5c 00000008 b s_sleepThreads
0211bb64 00000008 b s_joinThreads
0211bb6c 00000070 b s_idleThread
0211bbdc 00000070 b s_mainThread
0211bc4c 00000004 b s_defaultErrno.0
0211bc50 00000004 V __stacksize__
0211bc54 00000001 B g_isTwlMode
0211bc58 000001f0 b s_pxiChannels
0211be48 00000004 b s_pxiRecvState
0211be4c 00000008 b s_pxiRecvQueue
0211be54 00000004 b s_pxiSendMutex
0211be58 00000004 b s_firstTask
0211be60 00000008 b s_highTickCount
0211be68 00000001 b s_tickInit
0211be6c 00000008 b s_mailboxRecvQueue
0211be78 00000200 b s_pmPxiThreadStack
0211c078 00000070 b s_pmPxiThread
0211c0e8 00000008 b s_pmState
0211c0f0 00000028 B __gnu_internal::buf_wcerr_sync
0211c118 00000028 B __gnu_internal::buf_wcin_sync
0211c140 00000028 B __gnu_internal::buf_wcout_sync
0211c168 00000028 B __gnu_internal::buf_cerr_sync
0211c190 00000028 B __gnu_internal::buf_cin_sync
0211c1b8 00000028 B __gnu_internal::buf_cout_sync
0211c1e0 00000001 b std::__ioinit
0211c1e4 00000090 B std::wclog
0211c274 00000090 B std::wcerr
0211c304 00000090 B std::wcout
0211c394 00000094 B std::wcin
0211c428 0000008c B std::clog
0211c4b4 0000008c B std::cerr
0211c540 0000008c B std::cout
0211c5cc 00000090 B std::cin
0211c65c 00000004 b guard variable for std::locale::id::_M_id() const::m
0211c660 00000010 b std::locale::id::_M_id() const::m
0211c670 00000004 B std::locale::id::_S_refcount
0211c674 00000004 B std::locale::facet::_S_once
0211c678 00000004 B std::locale::facet::_S_c_locale
0211c67c 00000004 B std::locale::_S_once
0211c680 00000004 B std::locale::_S_global
0211c684 00000004 B std::locale::_S_classic
0211c688 00000004 b guard variable for (anonymous namespace)::get_locale_cache_mutex()::locale_cache_mutex
0211c690 00000010 b (anonymous namespace)::get_locale_cache_mutex()::locale_cache_mutex
0211c6a0 00000010 V std::string::_Rep::_S_empty_rep_storage
0211c6b0 00000010 V std::basic_string<wchar_t, std::char_traits<wchar_t>, std::allocator<wchar_t> >::_Rep::_S_empty_rep_storage
0211c6c0 00000004 V guard variable for std::__cxx11::collate<wchar_t>::id
0211c6c4 00000004 V guard variable for std::__cxx11::messages<wchar_t>::id
0211c6c8 00000004 V guard variable for std::__cxx11::time_get<wchar_t, std::istreambuf_iterator<wchar_t, std::char_traits<wchar_t> > >::id
0211c6cc 00000004 V guard variable for std::__cxx11::numpunct<wchar_t>::id
0211c6d0 00000004 V guard variable for std::__cxx11::moneypunct<wchar_t, true>::id
0211c6d4 00000004 V guard variable for std::__cxx11::moneypunct<wchar_t, false>::id
0211c6d8 00000004 V guard variable for std::__cxx11::money_put<wchar_t, std::ostreambuf_iterator<wchar_t, std::char_traits<wchar_t> > >::id
0211c6dc 00000004 V guard variable for std::__cxx11::money_get<wchar_t, std::istreambuf_iterator<wchar_t, std::char_traits<wchar_t> > >::id
0211c6e0 00000004 V std::__cxx11::collate<wchar_t>::id
0211c6e4 00000004 V std::__cxx11::messages<wchar_t>::id
0211c6e8 00000004 V std::__cxx11::time_get<wchar_t, std::istreambuf_iterator<wchar_t, std::char_traits<wchar_t> > >::id
0211c6ec 00000004 V std::__cxx11::numpunct<wchar_t>::id
0211c6f0 00000004 V std::__cxx11::moneypunct<wchar_t, true>::id
0211c6f4 00000004 V std::__cxx11::moneypunct<wchar_t, false>::id
0211c6f8 00000004 V std::__cxx11::money_put<wchar_t, std::ostreambuf_iterator<wchar_t, std::char_traits<wchar_t> > >::id
0211c6fc 00000004 V std::__cxx11::money_get<wchar_t, std::istreambuf_iterator<wchar_t, std::char_traits<wchar_t> > >::id
0211c700 00000004 B std::ios_base::Init::_S_refcount
0211c704 00000004 V guard variable for std::collate<char>::id
0211c708 00000004 V guard variable for std::messages<char>::id
0211c70c 00000004 V guard variable for std::time_get<char, std::istreambuf_iterator<char, std::char_traits<char> > >::id
0211c710 00000004 V guard variable for std::time_put<char, std::ostreambuf_iterator<char, std::char_traits<char> > >::id
0211c714 00000004 V guard variable for std::__timepunct<char>::id
0211c718 00000004 V guard variable for std::numpunct<char>::id
0211c71c 00000004 V guard variable for std::moneypunct<char, true>::id
0211c720 00000004 V guard variable for std::moneypunct<char, false>::id
0211c724 00000004 V guard variable for std::money_put<char, std::ostreambuf_iterator<char, std::char_traits<char> > >::id
0211c728 00000004 V guard variable for std::money_get<char, std::istreambuf_iterator<char, std::char_traits<char> > >::id
0211c72c 00000004 V guard variable for std::num_put<char, std::ostreambuf_iterator<char, std::char_traits<char> > >::id
0211c730 00000004 V guard variable for std::num_get<char, std::istreambuf_iterator<char, std::char_traits<char> > >::id
0211c734 00000004 V std::collate<char>::id
0211c738 00000004 V std::messages<char>::id
0211c73c 00000004 V std::time_get<char, std::istreambuf_iterator<char, std::char_traits<char> > >::id
0211c740 00000004 V std::time_put<char, std::ostreambuf_iterator<char, std::char_traits<char> > >::id
0211c744 00000004 V std::__timepunct<char>::id
0211c748 00000004 V std::numpunct<char>::id
0211c74c 00000004 V std::moneypunct<char, true>::id
0211c750 00000004 V std::moneypunct<char, false>::id
0211c754 00000004 V std::money_put<char, std::ostreambuf_iterator<char, std::char_traits<char> > >::id
0211c758 00000004 V std::money_get<char, std::istreambuf_iterator<char, std::char_traits<char> > >::id
0211c75c 00000004 V std::num_put<char, std::ostreambuf_iterator<char, std::char_traits<char> > >::id
0211c760 00000004 V std::num_get<char, std::istreambuf_iterator<char, std::char_traits<char> > >::id
0211c768 000000c8 b (anonymous namespace)::timepunct_cache_w
0211c830 00000070 b (anonymous namespace)::moneypunct_cache_wf
0211c8a0 00000070 b (anonymous namespace)::moneypunct_cache_wt
0211c910 00000128 b (anonymous namespace)::numpunct_cache_w
0211ca38 000000c8 b (anonymous namespace)::timepunct_cache_c
0211cb00 00000044 b (anonymous namespace)::moneypunct_cache_cf
0211cb44 00000044 b (anonymous namespace)::moneypunct_cache_ct
0211cb88 00000068 b (anonymous namespace)::numpunct_cache_c
0211cbf0 00000008 b (anonymous namespace)::codecvt_c32_c8
0211cbf8 00000008 b (anonymous namespace)::codecvt_c16_c8
0211cc00 00000008 b (anonymous namespace)::codecvt_c32
0211cc08 00000008 b (anonymous namespace)::codecvt_c16
0211cc10 00000010 b (anonymous namespace)::messages_w
0211cc20 00000008 b (anonymous namespace)::time_put_w
0211cc28 00000008 b (anonymous namespace)::time_get_w
0211cc30 00000014 b (anonymous namespace)::timepunct_w
0211cc44 00000008 b (anonymous namespace)::money_put_w
0211cc4c 00000008 b (anonymous namespace)::money_get_w
0211cc54 0000000c b (anonymous namespace)::moneypunct_wf
0211cc60 0000000c b (anonymous namespace)::moneypunct_wt
0211cc6c 0000000c b (anonymous namespace)::codecvt_w
0211cc78 00000008 b (anonymous namespace)::num_put_w
0211cc80 00000008 b (anonymous namespace)::num_get_w
0211cc88 0000000c b (anonymous namespace)::numpunct_w
0211cc94 0000000c b (anonymous namespace)::collate_w
0211cca0 000004e0 b (anonymous namespace)::ctype_w
0211d180 00000010 b (anonymous namespace)::messages_c
0211d190 00000008 b (anonymous namespace)::time_put_c
0211d198 00000008 b (anonymous namespace)::time_get_c
0211d1a0 00000014 b (anonymous namespace)::timepunct_c
0211d1b4 00000008 b (anonymous namespace)::money_put_c
0211d1bc 00000008 b (anonymous namespace)::money_get_c
0211d1c4 0000000c b (anonymous namespace)::moneypunct_cf
0211d1d0 0000000c b (anonymous namespace)::moneypunct_ct
0211d1dc 0000000c b (anonymous namespace)::codecvt_c
0211d1e8 00000008 b (anonymous namespace)::num_put_c
0211d1f0 00000008 b (anonymous namespace)::num_get_c
0211d1f8 0000000c b (anonymous namespace)::numpunct_c
0211d204 0000000c b (anonymous namespace)::collate_c
0211d210 00000220 b (anonymous namespace)::ctype_c
0211d430 000000c0 b (anonymous namespace)::cache_vec
0211d4f0 000000c0 b (anonymous namespace)::facet_vec
0211d5b0 0000000c b (anonymous namespace)::name_c
0211d5bc 00000018 b (anonymous namespace)::name_vec
0211d5d4 00000004 b (anonymous namespace)::c_locale
0211d5d8 00000014 b (anonymous namespace)::c_locale_impl
0211d5ec 00000004 b guard variable for (anonymous namespace)::get_locale_mutex()::locale_mutex
0211d5f0 00000010 b (anonymous namespace)::get_locale_mutex()::locale_mutex
0211d600 00000004 V guard variable for std::collate<wchar_t>::id
0211d604 00000004 V guard variable for std::messages<wchar_t>::id
0211d608 00000004 V guard variable for std::time_get<wchar_t, std::istreambuf_iterator<wchar_t, std::char_traits<wchar_t> > >::id
0211d60c 00000004 V guard variable for std::time_put<wchar_t, std::ostreambuf_iterator<wchar_t, std::char_traits<wchar_t> > >::id
0211d610 00000004 V guard variable for std::__timepunct<wchar_t>::id
0211d614 00000004 V guard variable for std::numpunct<wchar_t>::id
0211d618 00000004 V guard variable for std::moneypunct<wchar_t, true>::id
0211d61c 00000004 V guard variable for std::moneypunct<wchar_t, false>::id
0211d620 00000004 V guard variable for std::money_put<wchar_t, std::ostreambuf_iterator<wchar_t, std::char_traits<wchar_t> > >::id
0211d624 00000004 V guard variable for std::money_get<wchar_t, std::istreambuf_iterator<wchar_t, std::char_traits<wchar_t> > >::id
0211d628 00000004 V guard variable for std::num_put<wchar_t, std::ostreambuf_iterator<wchar_t, std::char_traits<wchar_t> > >::id
0211d62c 00000004 V guard variable for std::num_get<wchar_t, std::istreambuf_iterator<wchar_t, std::char_traits<wchar_t> > >::id
0211d630 00000004 V std::collate<wchar_t>::id
0211d634 00000004 V std::messages<wchar_t>::id
0211d638 00000004 V std::time_get<wchar_t, std::istreambuf_iterator<wchar_t, std::char_traits<wchar_t> > >::id
0211d63c 00000004 V std::time_put<wchar_t, std::ostreambuf_iterator<wchar_t, std::char_traits<wchar_t> > >::id
0211d640 00000004 V std::__timepunct<wchar_t>::id
0211d644 00000004 V std::numpunct<wchar_t>::id
0211d648 00000004 V std::moneypunct<wchar_t, true>::id
0211d64c 00000004 V std::moneypunct<wchar_t, false>::id
0211d650 00000004 V std::money_put<wchar_t, std::ostreambuf_iterator<wchar_t, std::char_traits<wchar_t> > >::id
0211d654 00000004 V std::money_get<wchar_t, std::istreambuf_iterator<wchar_t, std::char_traits<wchar_t> > >::id
0211d658 00000004 V std::num_put<wchar_t, std::ostreambuf_iterator<wchar_t, std::char_traits<wchar_t> > >::id
0211d65c 00000004 V std::num_get<wchar_t, std::istreambuf_iterator<wchar_t, std::char_traits<wchar_t> > >::id
0211d660 00000004 b guard variable for (anonymous namespace)::get_atomic_mutex()::atomic_mutex
0211d668 00000010 b (anonymous namespace)::get_atomic_mutex()::atomic_mutex
0211d678 0000001c b (anonymous namespace)::emergency_pool
0211d694 00000004 b init
0211d698 00000001 B __eh_globals_init::_S_init
0211d69c 0000000c b (anonymous namespace)::eh_globals
0211d6a8 00000010 b (anonymous namespace)::mx
0211d6b8 00000004 b (anonymous namespace)::get_static_cond()::once
0211d6c0 00000008 b (anonymous namespace)::fake_cond
0211d6c8 00000004 b (anonymous namespace)::static_cond
0211d6cc 00000004 b (anonymous namespace)::get_static_mutex()::once
0211d6d0 00000010 b (anonymous namespace)::fake_mutex
0211d6e0 00000004 b (anonymous namespace)::static_mutex
0211d6e4 00000004 b (anonymous namespace)::__new_handler
0211d6e8 00000010 b (anonymous namespace)::mx
0211d6f8 00000004 B std::codecvt<wchar_t, char, _mbstate_t>::id
0211d6fc 00000004 B std::codecvt<char, char, _mbstate_t>::id
0211d700 00000004 B std::codecvt<char32_t, char8_t, _mbstate_t>::id
0211d704 00000004 B std::codecvt<char16_t, char8_t, _mbstate_t>::id
0211d708 00000004 B std::codecvt<char32_t, char, _mbstate_t>::id
0211d70c 00000004 B std::codecvt<char16_t, char, _mbstate_t>::id
0211d710 00000010 b std::(anonymous namespace)::messages_w
0211d720 00000008 b std::(anonymous namespace)::time_get_w
0211d728 00000008 b std::(anonymous namespace)::money_put_w
0211d730 00000008 b std::(anonymous namespace)::money_get_w
0211d738 0000000c b std::(anonymous namespace)::moneypunct_wf
0211d744 0000000c b std::(anonymous namespace)::moneypunct_wt
0211d750 0000000c b std::(anonymous namespace)::numpunct_w
0211d75c 0000000c b std::(anonymous namespace)::collate_w
0211d768 00000010 b std::(anonymous namespace)::messages_c
0211d778 00000008 b std::(anonymous namespace)::time_get_c
0211d780 00000008 b std::(anonymous namespace)::money_put_c
0211d788 00000008 b std::(anonymous namespace)::money_get_c
0211d790 0000000c b std::(anonymous namespace)::moneypunct_cf
0211d79c 0000000c b std::(anonymous namespace)::moneypunct_ct
0211d7a8 0000000c b std::(anonymous namespace)::numpunct_c
0211d7b4 0000000c b std::(anonymous namespace)::collate_c
0211d7c0 00000004 B std::ctype<wchar_t>::id
0211d7c4 00000004 B std::ctype<char>::id
0211d7c8 00000004 V guard variable for std::__cxx11::collate<char>::id
0211d7cc 00000004 V guard variable for std::__cxx11::messages<char>::id
0211d7d0 00000004 V guard variable for std::__cxx11::time_get<char, std::istreambuf_iterator<char, std::char_traits<char> > >::id
0211d7d4 00000004 V guard variable for std::__cxx11::numpunct<char>::id
0211d7d8 00000004 V guard variable for std::__cxx11::moneypunct<char, true>::id
0211d7dc 00000004 V guard variable for std::__cxx11::moneypunct<char, false>::id
0211d7e0 00000004 V guard variable for std::__cxx11::money_put<char, std::ostreambuf_iterator<char, std::char_traits<char> > >::id
0211d7e4 00000004 V guard variable for std::__cxx11::money_get<char, std::istreambuf_iterator<char, std::char_traits<char> > >::id
0211d7e8 00000004 V std::__cxx11::collate<char>::id
0211d7ec 00000004 V std::__cxx11::messages<char>::id
0211d7f0 00000004 V std::__cxx11::time_get<char, std::istreambuf_iterator<char, std::char_traits<char> > >::id
0211d7f4 00000004 V std::__cxx11::numpunct<char>::id
0211d7f8 00000004 V std::__cxx11::moneypunct<char, true>::id
0211d7fc 00000004 V std::__cxx11::moneypunct<char, false>::id
0211d800 00000004 V std::__cxx11::money_put<char, std::ostreambuf_iterator<char, std::char_traits<char> > >::id
0211d804 00000004 V std::__cxx11::money_get<char, std::istreambuf_iterator<char, std::char_traits<char> > >::id
0211d808 000000e0 b saved_categories.0
0211d8e8 000000e0 b new_categories.1
0211d9c8 0000000c b __sfp_recursive_mutex
0211d9d8 00000168 B __sf
0211db40 00000004 B __stdio_exit_handler
0211db44 00000004 b __tz_mutex
0211db48 00000028 B __malloc_current_mallinfo
0211db70 00000004 B __malloc_max_total_mem
0211db74 00000004 B __malloc_max_sbrked_mem
0211db78 00000004 B __malloc_top_pad
0211db7c 00000004 b prev_tzenv
0211db80 0000000c b __tzname_dst
0211db8c 0000000c b __tzname_std
0211db98 0000000c b __malloc_recursive_mutex
0211dba4 00000004 B _timezone
0211dba8 00000004 B _daylight
0211dbac 0000000c b __env_recursive_mutex
0211dbb8 00000004 b initial_env
0211dbbc 00000004 b __hndl_lock
0211dbc0 00000004 B fake_heap_start
0211dbc4 00000004 B fake_heap_end
0211dbc8 00000004 b heap_start.0
0211dbcc b __heap_start_ntr
0211dbcc b __heap_start_twl
0211dbcc b __main_bss_end
02ff0000 t __crt0_lma
02ff0000 a __crt0_start
02ff0000 ? __dtcm_end
02ff0000 ? __dtcm_start
02ff0000 00000080 B __irq_table
02ff0020 a __crt0_end
02ff0080 00000018 B __sched_state
02ff0098 b __dtcm_bss_end
02ff3e80 t __sp_usr
02ff3f80 a __sp_irq
02ff3fc0 a __sp_svc
02ff3ff8 a __irq_flags
0380b000 T __dldi_start
ffff0008 a __arm_excpt_svc
